drill_id,mic_type,mic_id,position,sr,filepath_wav
01,common,Tr1,ext,96000,C:\Users\beatr\OneDrive\Desktop\Projeto_Brocas_AE\data\standardized\01\01_common_Tr1_ext.wav
01,common,Tr2,ext,96000,C:\Users\beatr\OneDrive\Desktop\Projeto_Brocas_AE\data\standardized\01\01_common_Tr2_ext.wav
01,common,Tr3,ext,96000,C:\Users\beatr\OneDrive\Desktop\Projeto_Brocas_AE\data\standardized\01\01_common_Tr3_ext.wav
01,common,Tr4,int,96000,C:\Users\beatr\OneDrive\Desktop\Projeto_Brocas_AE\data\standardized\01\01_common_Tr4_int.wav
01,common,Tr5,int,96000,C:\Users\beatr\OneDrive\Desktop\Projeto_Brocas_AE\data\standardized\01\01_common_Tr5_int.wav
01,common,Tr6,int,96000,C:\Users\beatr\OneDrive\Desktop\Projeto_Brocas_AE\data\standardized\01\01_common_Tr6_int.wav
01,ultrasonic,ch1,int,48000,C:\Users\beatr\OneDrive\Desktop\Projeto_Brocas_AE\data\standardized\01\01_ultrasonic_ch1_int.wav
01,ultrasonic,ch2,int,48000,C:\Users\beatr\OneDrive\Desktop\Projeto_Brocas_AE\data\standardized\01\01_ultrasonic_ch2_int.wav
01,ultrasonic,ch3,int,48000,C:\Users\beatr\OneDrive\Desktop\Projeto_Brocas_AE\data\standardized\01\01_ultrasonic_ch3_int.wav
01,ultrasonic,ch4,int,48000,C:\Users\beatr\OneDrive\Desktop\Projeto_Brocas_AE\data\standardized\01\01_ultrasonic_ch4_int.wav
01,ultrasonic,ch5,int,48000,C:\Users\beatr\OneDrive\Desktop\Projeto_Brocas_AE\data\standardized\01\01_ultrasonic_ch5_int.wav
01,ultrasonic,ch6,int,48000,C:\Users\beatr\OneDrive\Desktop\Projeto_Brocas_AE\data\standardized\01\01_ultrasonic_ch6_int.wav
01,ultrasonic,ch7,int,48000,C:\Users\beatr\OneDrive\Desktop\Projeto_Brocas_AE\data\standardized\01\01_ultrasonic_ch7_int.wav
01,ultrasonic,ch8,int,48000,C:\Users\beatr\OneDrive\Desktop\Projeto_Brocas_AE\data\standardized\01\01_ultrasonic_ch8_int.wav
01,common,Tr1,ext,96000,C:\Users\beatr\OneDrive\Desktop\Projeto_Brocas_AE\data\standardized\01\01_common_Tr1_ext.wav
01,common,Tr2,ext,96000,C:\Users\beatr\OneDrive\Desktop\Projeto_Brocas_AE\data\standardized\01\01_common_Tr2_ext.wav
01,common,Tr3,ext,96000,C:\Users\beatr\OneDrive\Desktop\Projeto_Brocas_AE\data\standardized\01\01_common_Tr3_ext.wav
01,common,Tr4,int,96000,C:\Users\beatr\OneDrive\Desktop\Projeto_Brocas_AE\data\standardized\01\01_common_Tr4_int.wav
01,common,Tr5,int,96000,C:\Users\beatr\OneDrive\Desktop\Projeto_Brocas_AE\data\standardized\01\01_common_Tr5_int.wav
01,common,Tr6,int,96000,C:\Users\beatr\OneDrive\Desktop\Projeto_Brocas_AE\data\standardized\01\01_common_Tr6_int.wav
01,ultrasonic,ch1,int,48000,C:\Users\beatr\OneDrive\Desktop\Projeto_Brocas_AE\data\standardized\01\01_ultrasonic_ch1_int.wav
01,ultrasonic,ch2,int,48000,C:\Users\beatr\OneDrive\Desktop\Projeto_Brocas_AE\data\standardized\01\01_ultrasonic_ch2_int.wav
01,ultrasonic,ch3,int,48000,C:\Users\beatr\OneDrive\Desktop\Projeto_Brocas_AE\data\standardized\01\01_ultrasonic_ch3_int.wav
01,ultrasonic,ch4,int,48000,C:\Users\beatr\OneDrive\Desktop\Projeto_Brocas_AE\data\standardized\01\01_ultrasonic_ch4_int.wav
01,ultrasonic,ch5,int,48000,C:\Users\beatr\OneDrive\Desktop\Projeto_Brocas_AE\data\standardized\01\01_ultrasonic_ch5_int.wav
01,ultrasonic,ch6,int,48000,C:\Users\beatr\OneDrive\Desktop\Projeto_Brocas_AE\data\standardized\01\01_ultrasonic_ch6_int.wav
01,ultrasonic,ch7,int,48000,C:\Users\beatr\OneDrive\Desktop\Projeto_Brocas_AE\data\standardized\01\01_ultrasonic_ch7_int.wav
01,ultrasonic,ch8,int,48000,C:\Users\beatr\OneDrive\Desktop\Projeto_Brocas_AE\data\standardized\01\01_ultrasonic_ch8_int.wav
01,common,Tr1,ext,96000,C:\Users\beatr\OneDrive\Desktop\Projeto_Brocas_AE\data\standardized\01\01_common_Tr1_ext.wav
01,common,Tr2,ext,96000,C:\Users\beatr\OneDrive\Desktop\Projeto_Brocas_AE\data\standardized\01\01_common_Tr2_ext.wav
01,common,Tr3,ext,96000,C:\Users\beatr\OneDrive\Desktop\Projeto_Brocas_AE\data\standardized\01\01_common_Tr3_ext.wav
01,common,Tr4,int,96000,C:\Users\beatr\OneDrive\Desktop\Projeto_Brocas_AE\data\standardized\01\01_common_Tr4_int.wav
01,common,Tr5,int,96000,C:\Users\beatr\OneDrive\Desktop\Projeto_Brocas_AE\data\standardized\01\01_common_Tr5_int.wav
01,common,Tr6,int,96000,C:\Users\beatr\OneDrive\Desktop\Projeto_Brocas_AE\data\standardized\01\01_common_Tr6_int.wav
01,ultrasonic,ch1,int,48000,C:\Users\beatr\OneDrive\Desktop\Projeto_Brocas_AE\data\standardized\01\01_ultrasonic_ch1_int.wav
01,ultrasonic,ch2,int,48000,C:\Users\beatr\OneDrive\Desktop\Projeto_Brocas_AE\data\standardized\01\01_ultrasonic_ch2_int.wav
01,ultrasonic,ch3,int,48000,C:\Users\beatr\OneDrive\Desktop\Projeto_Brocas_AE\data\standardized\01\01_ultrasonic_ch3_int.wav
01,ultrasonic,ch4,int,48000,C:\Users\beatr\OneDrive\Desktop\Projeto_Brocas_AE\data\standardized\01\01_ultrasonic_ch4_int.wav
01,ultrasonic,ch5,int,48000,C:\Users\beatr\OneDrive\Desktop\Projeto_Brocas_AE\data\standardized\01\01_ultrasonic_ch5_int.wav
01,ultrasonic,ch6,int,48000,C:\Users\beatr\OneDrive\Desktop\Projeto_Brocas_AE\data\standardized\01\01_ultrasonic_ch6_int.wav
01,ultrasonic,ch7,int,48000,C:\Users\beatr\OneDrive\Desktop\Projeto_Brocas_AE\data\standardized\01\01_ultrasonic_ch7_int.wav
01,ultrasonic,ch8,int,48000,C:\Users\beatr\OneDrive\Desktop\Projeto_Brocas_AE\data\standardized\01\01_ultrasonic_ch8_int.wav
01,common,Tr1,ext,96000,C:\Users\beatr\OneDrive\Desktop\Projeto_Brocas_AE\data\standardized\01\01_common_Tr1_ext.wav
01,common,Tr2,ext,96000,C:\Users\beatr\OneDrive\Desktop\Projeto_Brocas_AE\data\standardized\01\01_common_Tr2_ext.wav
01,common,Tr3,ext,96000,C:\Users\beatr\OneDrive\Desktop\Projeto_Brocas_AE\data\standardized\01\01_common_Tr3_ext.wav
01,common,Tr4,int,96000,C:\Users\beatr\OneDrive\Desktop\Projeto_Brocas_AE\data\standardized\01\01_common_Tr4_int.wav
01,common,Tr5,int,96000,C:\Users\beatr\OneDrive\Desktop\Projeto_Brocas_AE\data\standardized\01\01_common_Tr5_int.wav
01,common,Tr6,int,96000,C:\Users\beatr\OneDrive\Desktop\Projeto_Brocas_AE\data\standardized\01\01_common_Tr6_int.wav
01,ultrasonic,ch1,int,48000,C:\Users\beatr\OneDrive\Desktop\Projeto_Brocas_AE\data\standardized\01\01_ultrasonic_ch1_int.wav
01,ultrasonic,ch2,int,48000,C:\Users\beatr\OneDrive\Desktop\Projeto_Brocas_AE\data\standardized\01\01_ultrasonic_ch2_int.wav
01,ultrasonic,ch3,int,48000,C:\Users\beatr\OneDrive\Desktop\Projeto_Brocas_AE\data\standardized\01\01_ultrasonic_ch3_int.wav
01,ultrasonic,ch4,int,48000,C:\Users\beatr\OneDrive\Desktop\Projeto_Brocas_AE\data\standardized\01\01_ultrasonic_ch4_int.wav
01,ultrasonic,ch5,int,48000,C:\Users\beatr\OneDrive\Desktop\Projeto_Brocas_AE\data\standardized\01\01_ultrasonic_ch5_int.wav
01,ultrasonic,ch6,int,48000,C:\Users\beatr\OneDrive\Desktop\Projeto_Brocas_AE\data\standardized\01\01_ultrasonic_ch6_int.wav
01,ultrasonic,ch7,int,48000,C:\Users\beatr\OneDrive\Desktop\Projeto_Brocas_AE\data\standardized\01\01_ultrasonic_ch7_int.wav
01,ultrasonic,ch8,int,48000,C:\Users\beatr\OneDrive\Desktop\Projeto_Brocas_AE\data\standardized\01\01_ultrasonic_ch8_int.wav
01,common,Tr1,ext,96000,C:\Users\beatr\OneDrive\Desktop\Projeto_Brocas_AE\data\standardized\01\01_common_Tr1_ext.wav
01,common,Tr2,ext,96000,C:\Users\beatr\OneDrive\Desktop\Projeto_Brocas_AE\data\standardized\01\01_common_Tr2_ext.wav
01,common,Tr3,ext,96000,C:\Users\beatr\OneDrive\Desktop\Projeto_Brocas_AE\data\standardized\01\01_common_Tr3_ext.wav
01,common,Tr4,int,96000,C:\Users\beatr\OneDrive\Desktop\Projeto_Brocas_AE\data\standardized\01\01_common_Tr4_int.wav
01,common,Tr5,int,96000,C:\Users\beatr\OneDrive\Desktop\Projeto_Brocas_AE\data\standardized\01\01_common_Tr5_int.wav
01,common,Tr6,int,96000,C:\Users\beatr\OneDrive\Desktop\Projeto_Brocas_AE\data\standardized\01\01_common_Tr6_int.wav
01,ultrasonic,ch1,int,48000,C:\Users\beatr\OneDrive\Desktop\Projeto_Brocas_AE\data\standardized\01\01_ultrasonic_ch1_int.wav
01,ultrasonic,ch2,int,48000,C:\Users\beatr\OneDrive\Desktop\Projeto_Brocas_AE\data\standardized\01\01_ultrasonic_ch2_int.wav
01,ultrasonic,ch3,int,48000,C:\Users\beatr\OneDrive\Desktop\Projeto_Brocas_AE\data\standardized\01\01_ultrasonic_ch3_int.wav
01,ultrasonic,ch4,int,48000,C:\Users\beatr\OneDrive\Desktop\Projeto_Brocas_AE\data\standardized\01\01_ultrasonic_ch4_int.wav
01,ultrasonic,ch5,int,48000,C:\Users\beatr\OneDrive\Desktop\Projeto_Brocas_AE\data\standardized\01\01_ultrasonic_ch5_int.wav
01,ultrasonic,ch6,int,48000,C:\Users\beatr\OneDrive\Desktop\Projeto_Brocas_AE\data\standardized\01\01_ultrasonic_ch6_int.wav
01,ultrasonic,ch7,int,48000,C:\Users\beatr\OneDrive\Desktop\Projeto_Brocas_AE\data\standardized\01\01_ultrasonic_ch7_int.wav
01,ultrasonic,ch8,int,48000,C:\Users\beatr\OneDrive\Desktop\Projeto_Brocas_AE\data\standardized\01\01_ultrasonic_ch8_int.wav
02,common,Tr1,ext,96000,C:\Users\beatr\OneDrive\Desktop\Projeto_Brocas_AE\data\standardized\02\02_common_Tr1_ext.wav
02,common,Tr2,ext,96000,C:\Users\beatr\OneDrive\Desktop\Projeto_Brocas_AE\data\standardized\02\02_common_Tr2_ext.wav
02,common,Tr3,ext,96000,C:\Users\beatr\OneDrive\Desktop\Projeto_Brocas_AE\data\standardized\02\02_common_Tr3_ext.wav
02,common,Tr4,int,96000,C:\Users\beatr\OneDrive\Desktop\Projeto_Brocas_AE\data\standardized\02\02_common_Tr4_int.wav
02,common,Tr5,int,96000,C:\Users\beatr\OneDrive\Desktop\Projeto_Brocas_AE\data\standardized\02\02_common_Tr5_int.wav
02,common,Tr6,int,96000,C:\Users\beatr\OneDrive\Desktop\Projeto_Brocas_AE\data\standardized\02\02_common_Tr6_int.wav
02,ultrasonic,ch1,int,48000,C:\Users\beatr\OneDrive\Desktop\Projeto_Brocas_AE\data\standardized\02\02_ultrasonic_ch1_int.wav
02,ultrasonic,ch2,int,48000,C:\Users\beatr\OneDrive\Desktop\Projeto_Brocas_AE\data\standardized\02\02_ultrasonic_ch2_int.wav
02,ultrasonic,ch3,int,48000,C:\Users\beatr\OneDrive\Desktop\Projeto_Brocas_AE\data\standardized\02\02_ultrasonic_ch3_int.wav
02,ultrasonic,ch4,int,48000,C:\Users\beatr\OneDrive\Desktop\Projeto_Brocas_AE\data\standardized\02\02_ultrasonic_ch4_int.wav
02,ultrasonic,ch5,int,48000,C:\Users\beatr\OneDrive\Desktop\Projeto_Brocas_AE\data\standardized\02\02_ultrasonic_ch5_int.wav
02,ultrasonic,ch6,int,48000,C:\Users\beatr\OneDrive\Desktop\Projeto_Brocas_AE\data\standardized\02\02_ultrasonic_ch6_int.wav
02,ultrasonic,ch7,int,48000,C:\Users\beatr\OneDrive\Desktop\Projeto_Brocas_AE\data\standardized\02\02_ultrasonic_ch7_int.wav
02,ultrasonic,ch8,int,48000,C:\Users\beatr\OneDrive\Desktop\Projeto_Brocas_AE\data\standardized\02\02_ultrasonic_ch8_int.wav
02,common,Tr1,ext,96000,C:\Users\beatr\OneDrive\Desktop\Projeto_Brocas_AE\data\standardized\02\02_common_Tr1_ext.wav
02,common,Tr2,ext,96000,C:\Users\beatr\OneDrive\Desktop\Projeto_Brocas_AE\data\standardized\02\02_common_Tr2_ext.wav
02,common,Tr3,ext,96000,C:\Users\beatr\OneDrive\Desktop\Projeto_Brocas_AE\data\standardized\02\02_common_Tr3_ext.wav
02,common,Tr4,int,96000,C:\Users\beatr\OneDrive\Desktop\Projeto_Brocas_AE\data\standardized\02\02_common_Tr4_int.wav
02,common,Tr5,int,96000,C:\Users\beatr\OneDrive\Desktop\Projeto_Brocas_AE\data\standardized\02\02_common_Tr5_int.wav
02,common,Tr6,int,96000,C:\Users\beatr\OneDrive\Desktop\Projeto_Brocas_AE\data\standardized\02\02_common_Tr6_int.wav
02,ultrasonic,ch1,int,48000,C:\Users\beatr\OneDrive\Desktop\Projeto_Brocas_AE\data\standardized\02\02_ultrasonic_ch1_int.wav
02,ultrasonic,ch2,int,48000,C:\Users\beatr\OneDrive\Desktop\Projeto_Brocas_AE\data\standardized\02\02_ultrasonic_ch2_int.wav
02,ultrasonic,ch3,int,48000,C:\Users\beatr\OneDrive\Desktop\Projeto_Brocas_AE\data\standardized\02\02_ultrasonic_ch3_int.wav
02,ultrasonic,ch4,int,48000,C:\Users\beatr\OneDrive\Desktop\Projeto_Brocas_AE\data\standardized\02\02_ultrasonic_ch4_int.wav
02,ultrasonic,ch5,int,48000,C:\Users\beatr\OneDrive\Desktop\Projeto_Brocas_AE\data\standardized\02\02_ultrasonic_ch5_int.wav
02,ultrasonic,ch6,int,48000,C:\Users\beatr\OneDrive\Desktop\Projeto_Brocas_AE\data\standardized\02\02_ultrasonic_ch6_int.wav
02,ultrasonic,ch7,int,48000,C:\Users\beatr\OneDrive\Desktop\Projeto_Brocas_AE\data\standardized\02\02_ultrasonic_ch7_int.wav
02,ultrasonic,ch8,int,48000,C:\Users\beatr\OneDrive\Desktop\Projeto_Brocas_AE\data\standardized\02\02_ultrasonic_ch8_int.wav
02,common,Tr1,ext,96000,C:\Users\beatr\OneDrive\Desktop\Projeto_Brocas_AE\data\standardized\02\02_common_Tr1_ext.wav
02,common,Tr2,ext,96000,C:\Users\beatr\OneDrive\Desktop\Projeto_Brocas_AE\data\standardized\02\02_common_Tr2_ext.wav
02,common,Tr3,ext,96000,C:\Users\beatr\OneDrive\Desktop\Projeto_Brocas_AE\data\standardized\02\02_common_Tr3_ext.wav
02,common,Tr4,int,96000,C:\Users\beatr\OneDrive\Desktop\Projeto_Brocas_AE\data\standardized\02\02_common_Tr4_int.wav
02,common,Tr5,int,96000,C:\Users\beatr\OneDrive\Desktop\Projeto_Brocas_AE\data\standardized\02\02_common_Tr5_int.wav
02,common,Tr6,int,96000,C:\Users\beatr\OneDrive\Desktop\Projeto_Brocas_AE\data\standardized\02\02_common_Tr6_int.wav
02,ultrasonic,ch1,int,48000,C:\Users\beatr\OneDrive\Desktop\Projeto_Brocas_AE\data\standardized\02\02_ultrasonic_ch1_int.wav
02,ultrasonic,ch2,int,48000,C:\Users\beatr\OneDrive\Desktop\Projeto_Brocas_AE\data\standardized\02\02_ultrasonic_ch2_int.wav
02,ultrasonic,ch3,int,48000,C:\Users\beatr\OneDrive\Desktop\Projeto_Brocas_AE\data\standardized\02\02_ultrasonic_ch3_int.wav
02,ultrasonic,ch4,int,48000,C:\Users\beatr\OneDrive\Desktop\Projeto_Brocas_AE\data\standardized\02\02_ultrasonic_ch4_int.wav
02,ultrasonic,ch5,int,48000,C:\Users\beatr\OneDrive\Desktop\Projeto_Brocas_AE\data\standardized\02\02_ultrasonic_ch5_int.wav
02,ultrasonic,ch6,int,48000,C:\Users\beatr\OneDrive\Desktop\Projeto_Brocas_AE\data\standardized\02\02_ultrasonic_ch6_int.wav
02,ultrasonic,ch7,int,48000,C:\Users\beatr\OneDrive\Desktop\Projeto_Brocas_AE\data\standardized\02\02_ultrasonic_ch7_int.wav
02,ultrasonic,ch8,int,48000,C:\Users\beatr\OneDrive\Desktop\Projeto_Brocas_AE\data\standardized\02\02_ultrasonic_ch8_int.wav
02,common,Tr1,ext,96000,C:\Users\beatr\OneDrive\Desktop\Projeto_Brocas_AE\data\standardized\02\02_common_Tr1_ext.wav
02,common,Tr2,ext,96000,C:\Users\beatr\OneDrive\Desktop\Projeto_Brocas_AE\data\standardized\02\02_common_Tr2_ext.wav
02,common,Tr3,ext,96000,C:\Users\beatr\OneDrive\Desktop\Projeto_Brocas_AE\data\standardized\02\02_common_Tr3_ext.wav
02,common,Tr4,int,96000,C:\Users\beatr\OneDrive\Desktop\Projeto_Brocas_AE\data\standardized\02\02_common_Tr4_int.wav
02,common,Tr5,int,96000,C:\Users\beatr\OneDrive\Desktop\Projeto_Brocas_AE\data\standardized\02\02_common_Tr5_int.wav
02,common,Tr6,int,96000,C:\Users\beatr\OneDrive\Desktop\Projeto_Brocas_AE\data\standardized\02\02_common_Tr6_int.wav
02,ultrasonic,ch1,int,48000,C:\Users\beatr\OneDrive\Desktop\Projeto_Brocas_AE\data\standardized\02\02_ultrasonic_ch1_int.wav
02,ultrasonic,ch2,int,48000,C:\Users\beatr\OneDrive\Desktop\Projeto_Brocas_AE\data\standardized\02\02_ultrasonic_ch2_int.wav
02,ultrasonic,ch3,int,48000,C:\Users\beatr\OneDrive\Desktop\Projeto_Brocas_AE\data\standardized\02\02_ultrasonic_ch3_int.wav
02,ultrasonic,ch4,int,48000,C:\Users\beatr\OneDrive\Desktop\Projeto_Brocas_AE\data\standardized\02\02_ultrasonic_ch4_int.wav
02,ultrasonic,ch5,int,48000,C:\Users\beatr\OneDrive\Desktop\Projeto_Brocas_AE\data\standardized\02\02_ultrasonic_ch5_int.wav
02,ultrasonic,ch6,int,48000,C:\Users\beatr\OneDrive\Desktop\Projeto_Brocas_AE\data\standardized\02\02_ultrasonic_ch6_int.wav
02,ultrasonic,ch7,int,48000,C:\Users\beatr\OneDrive\Desktop\Projeto_Brocas_AE\data\standardized\02\02_ultrasonic_ch7_int.wav
02,ultrasonic,ch8,int,48000,C:\Users\beatr\OneDrive\Desktop\Projeto_Brocas_AE\data\standardized\02\02_ultrasonic_ch8_int.wav
03,common,Tr1,ext,96000,C:\Users\beatr\OneDrive\Desktop\Projeto_Brocas_AE\data\standardized\03\03_common_Tr1_ext.wav
03,common,Tr2,ext,96000,C:\Users\beatr\OneDrive\Desktop\Projeto_Brocas_AE\data\standardized\03\03_common_Tr2_ext.wav
03,common,Tr3,ext,96000,C:\Users\beatr\OneDrive\Desktop\Projeto_Brocas_AE\data\standardized\03\03_common_Tr3_ext.wav
03,common,Tr4,int,96000,C:\Users\beatr\OneDrive\Desktop\Projeto_Brocas_AE\data\standardized\03\03_common_Tr4_int.wav
03,common,Tr5,int,96000,C:\Users\beatr\OneDrive\Desktop\Projeto_Brocas_AE\data\standardized\03\03_common_Tr5_int.wav
03,common,Tr6,int,96000,C:\Users\beatr\OneDrive\Desktop\Projeto_Brocas_AE\data\standardized\03\03_common_Tr6_int.wav
03,ultrasonic,ch1,int,48000,C:\Users\beatr\OneDrive\Desktop\Projeto_Brocas_AE\data\standardized\03\03_ultrasonic_ch1_int.wav
03,ultrasonic,ch2,int,48000,C:\Users\beatr\OneDrive\Desktop\Projeto_Brocas_AE\data\standardized\03\03_ultrasonic_ch2_int.wav
03,ultrasonic,ch3,int,48000,C:\Users\beatr\OneDrive\Desktop\Projeto_Brocas_AE\data\standardized\03\03_ultrasonic_ch3_int.wav
03,ultrasonic,ch4,int,48000,C:\Users\beatr\OneDrive\Desktop\Projeto_Brocas_AE\data\standardized\03\03_ultrasonic_ch4_int.wav
03,ultrasonic,ch5,int,48000,C:\Users\beatr\OneDrive\Desktop\Projeto_Brocas_AE\data\standardized\03\03_ultrasonic_ch5_int.wav
03,ultrasonic,ch6,int,48000,C:\Users\beatr\OneDrive\Desktop\Projeto_Brocas_AE\data\standardized\03\03_ultrasonic_ch6_int.wav
03,ultrasonic,ch7,int,48000,C:\Users\beatr\OneDrive\Desktop\Projeto_Brocas_AE\data\standardized\03\03_ultrasonic_ch7_int.wav
03,ultrasonic,ch8,int,48000,C:\Users\beatr\OneDrive\Desktop\Projeto_Brocas_AE\data\standardized\03\03_ultrasonic_ch8_int.wav
03,common,Tr1,ext,96000,C:\Users\beatr\OneDrive\Desktop\Projeto_Brocas_AE\data\standardized\03\03_common_Tr1_ext.wav
03,common,Tr2,ext,96000,C:\Users\beatr\OneDrive\Desktop\Projeto_Brocas_AE\data\standardized\03\03_common_Tr2_ext.wav
03,common,Tr3,ext,96000,C:\Users\beatr\OneDrive\Desktop\Projeto_Brocas_AE\data\standardized\03\03_common_Tr3_ext.wav
03,common,Tr4,int,96000,C:\Users\beatr\OneDrive\Desktop\Projeto_Brocas_AE\data\standardized\03\03_common_Tr4_int.wav
03,common,Tr5,int,96000,C:\Users\beatr\OneDrive\Desktop\Projeto_Brocas_AE\data\standardized\03\03_common_Tr5_int.wav
03,common,Tr6,int,96000,C:\Users\beatr\OneDrive\Desktop\Projeto_Brocas_AE\data\standardized\03\03_common_Tr6_int.wav
03,ultrasonic,ch1,int,192000,C:\Users\beatr\OneDrive\Desktop\Projeto_Brocas_AE\data\standardized\03\03_ultrasonic_ch1_int.wav
03,ultrasonic,ch1,int,192000,C:\Users\beatr\OneDrive\Desktop\Projeto_Brocas_AE\data\standardized\03\03_ultrasonic_ch1_int.wav
03,ultrasonic,ch1,int,192000,C:\Users\beatr\OneDrive\Desktop\Projeto_Brocas_AE\data\standardized\03\03_ultrasonic_ch1_int.wav
03,ultrasonic,ch1,int,192000,C:\Users\beatr\OneDrive\Desktop\Projeto_Brocas_AE\data\standardized\03\03_ultrasonic_ch1_int.wav
03,ultrasonic,ch1,int,192000,C:\Users\beatr\OneDrive\Desktop\Projeto_Brocas_AE\data\standardized\03\03_ultrasonic_ch1_int.wav
03,ultrasonic,ch1,int,192000,C:\Users\beatr\OneDrive\Desktop\Projeto_Brocas_AE\data\standardized\03\03_ultrasonic_ch1_int.wav
03,common,Tr1,ext,96000,C:\Users\beatr\OneDrive\Desktop\Projeto_Brocas_AE\data\standardized\03\03_common_Tr1_ext.wav
03,common,Tr2,ext,96000,C:\Users\beatr\OneDrive\Desktop\Projeto_Brocas_AE\data\standardized\03\03_common_Tr2_ext.wav
03,common,Tr3,ext,96000,C:\Users\beatr\OneDrive\Desktop\Projeto_Brocas_AE\data\standardized\03\03_common_Tr3_ext.wav
03,common,Tr4,int,96000,C:\Users\beatr\OneDrive\Desktop\Projeto_Brocas_AE\data\standardized\03\03_common_Tr4_int.wav
03,common,Tr5,int,96000,C:\Users\beatr\OneDrive\Desktop\Projeto_Brocas_AE\data\standardized\03\03_common_Tr5_int.wav
03,common,Tr6,int,96000,C:\Users\beatr\OneDrive\Desktop\Projeto_Brocas_AE\data\standardized\03\03_common_Tr6_int.wav
03,ultrasonic,ch1,int,192000,C:\Users\beatr\OneDrive\Desktop\Projeto_Brocas_AE\data\standardized\03\03_ultrasonic_ch1_int.wav
03,ultrasonic,ch1,int,192000,C:\Users\beatr\OneDrive\Desktop\Projeto_Brocas_AE\data\standardized\03\03_ultrasonic_ch1_int.wav
03,ultrasonic,ch1,int,192000,C:\Users\beatr\OneDrive\Desktop\Projeto_Brocas_AE\data\standardized\03\03_ultrasonic_ch1_int.wav
03,ultrasonic,ch1,int,192000,C:\Users\beatr\OneDrive\Desktop\Projeto_Brocas_AE\data\standardized\03\03_ultrasonic_ch1_int.wav
03,ultrasonic,ch1,int,192000,C:\Users\beatr\OneDrive\Desktop\Projeto_Brocas_AE\data\standardized\03\03_ultrasonic_ch1_int.wav
03,ultrasonic,ch1,int,192000,C:\Users\beatr\OneDrive\Desktop\Projeto_Brocas_AE\data\standardized\03\03_ultrasonic_ch1_int.wav
03,common,Tr1,ext,96000,C:\Users\beatr\OneDrive\Desktop\Projeto_Brocas_AE\data\standardized\03\03_common_Tr1_ext.wav
03,common,Tr2,ext,96000,C:\Users\beatr\OneDrive\Desktop\Projeto_Brocas_AE\data\standardized\03\03_common_Tr2_ext.wav
03,common,Tr3,ext,96000,C:\Users\beatr\OneDrive\Desktop\Projeto_Brocas_AE\data\standardized\03\03_common_Tr3_ext.wav
03,common,Tr4,int,96000,C:\Users\beatr\OneDrive\Desktop\Projeto_Brocas_AE\data\standardized\03\03_common_Tr4_int.wav
03,common,Tr5,int,96000,C:\Users\beatr\OneDrive\Desktop\Projeto_Brocas_AE\data\standardized\03\03_common_Tr5_int.wav
03,common,Tr6,int,96000,C:\Users\beatr\OneDrive\Desktop\Projeto_Brocas_AE\data\standardized\03\03_common_Tr6_int.wav
03,ultrasonic,ch1,int,192000,C:\Users\beatr\OneDrive\Desktop\Projeto_Brocas_AE\data\standardized\03\03_ultrasonic_ch1_int.wav
03,ultrasonic,ch1,int,192000,C:\Users\beatr\OneDrive\Desktop\Projeto_Brocas_AE\data\standardized\03\03_ultrasonic_ch1_int.wav
03,ultrasonic,ch1,int,192000,C:\Users\beatr\OneDrive\Desktop\Projeto_Brocas_AE\data\standardized\03\03_ultrasonic_ch1_int.wav
03,ultrasonic,ch1,int,192000,C:\Users\beatr\OneDrive\Desktop\Projeto_Brocas_AE\data\standardized\03\03_ultrasonic_ch1_int.wav
03,ultrasonic,ch1,int,192000,C:\Users\beatr\OneDrive\Desktop\Projeto_Brocas_AE\data\standardized\03\03_ultrasonic_ch1_int.wav
03,ultrasonic,ch1,int,192000,C:\Users\beatr\OneDrive\Desktop\Projeto_Brocas_AE\data\standardized\03\03_ultrasonic_ch1_int.wav
03,common,Tr1,ext,96000,C:\Users\beatr\OneDrive\Desktop\Projeto_Brocas_AE\data\standardized\03\03_common_Tr1_ext.wav
03,common,Tr2,ext,96000,C:\Users\beatr\OneDrive\Desktop\Projeto_Brocas_AE\data\standardized\03\03_common_Tr2_ext.wav
03,common,Tr3,ext,96000,C:\Users\beatr\OneDrive\Desktop\Projeto_Brocas_AE\data\standardized\03\03_common_Tr3_ext.wav
03,common,Tr4,int,96000,C:\Users\beatr\OneDrive\Desktop\Projeto_Brocas_AE\data\standardized\03\03_common_Tr4_int.wav
03,common,Tr5,int,96000,C:\Users\beatr\OneDrive\Desktop\Projeto_Brocas_AE\data\standardized\03\03_common_Tr5_int.wav
03,common,Tr6,int,96000,C:\Users\beatr\OneDrive\Desktop\Projeto_Brocas_AE\data\standardized\03\03_common_Tr6_int.wav
03,ultrasonic,ch1,int,192000,C:\Users\beatr\OneDrive\Desktop\Projeto_Brocas_AE\data\standardized\03\03_ultrasonic_ch1_int.wav
03,ultrasonic,ch1,int,192000,C:\Users\beatr\OneDrive\Desktop\Projeto_Brocas_AE\data\standardized\03\03_ultrasonic_ch1_int.wav
03,ultrasonic,ch1,int,192000,C:\Users\beatr\OneDrive\Desktop\Projeto_Brocas_AE\data\standardized\03\03_ultrasonic_ch1_int.wav
03,ultrasonic,ch1,int,192000,C:\Users\beatr\OneDrive\Desktop\Projeto_Brocas_AE\data\standardized\03\03_ultrasonic_ch1_int.wav
03,ultrasonic,ch1,int,192000,C:\Users\beatr\OneDrive\Desktop\Projeto_Brocas_AE\data\standardized\03\03_ultrasonic_ch1_int.wav
03,ultrasonic,ch1,int,192000,C:\Users\beatr\OneDrive\Desktop\Projeto_Brocas_AE\data\standardized\03\03_ultrasonic_ch1_int.wav
04,common,Tr1,ext,96000,C:\Users\beatr\OneDrive\Desktop\Projeto_Brocas_AE\data\standardized\04\04_common_Tr1_ext.wav
04,common,Tr2,ext,96000,C:\Users\beatr\OneDrive\Desktop\Projeto_Brocas_AE\data\standardized\04\04_common_Tr2_ext.wav
04,common,Tr3,ext,96000,C:\Users\beatr\OneDrive\Desktop\Projeto_Brocas_AE\data\standardized\04\04_common_Tr3_ext.wav
04,common,Tr4,int,96000,C:\Users\beatr\OneDrive\Desktop\Projeto_Brocas_AE\data\standardized\04\04_common_Tr4_int.wav
04,common,Tr5,int,96000,C:\Users\beatr\OneDrive\Desktop\Projeto_Brocas_AE\data\standardized\04\04_common_Tr5_int.wav
04,common,Tr6,int,96000,C:\Users\beatr\OneDrive\Desktop\Projeto_Brocas_AE\data\standardized\04\04_common_Tr6_int.wav
04,ultrasonic,ch1,int,192000,C:\Users\beatr\OneDrive\Desktop\Projeto_Brocas_AE\data\standardized\04\04_ultrasonic_ch1_int.wav
04,ultrasonic,ch1,int,192000,C:\Users\beatr\OneDrive\Desktop\Projeto_Brocas_AE\data\standardized\04\04_ultrasonic_ch1_int.wav
04,ultrasonic,ch1,int,192000,C:\Users\beatr\OneDrive\Desktop\Projeto_Brocas_AE\data\standardized\04\04_ultrasonic_ch1_int.wav
04,ultrasonic,ch1,int,192000,C:\Users\beatr\OneDrive\Desktop\Projeto_Brocas_AE\data\standardized\04\04_ultrasonic_ch1_int.wav
04,ultrasonic,ch1,int,192000,C:\Users\beatr\OneDrive\Desktop\Projeto_Brocas_AE\data\standardized\04\04_ultrasonic_ch1_int.wav
04,ultrasonic,ch1,int,192000,C:\Users\beatr\OneDrive\Desktop\Projeto_Brocas_AE\data\standardized\04\04_ultrasonic_ch1_int.wav
04,common,Tr1,ext,96000,C:\Users\beatr\OneDrive\Desktop\Projeto_Brocas_AE\data\standardized\04\04_common_Tr1_ext.wav
04,common,Tr2,ext,96000,C:\Users\beatr\OneDrive\Desktop\Projeto_Brocas_AE\data\standardized\04\04_common_Tr2_ext.wav
04,common,Tr3,ext,96000,C:\Users\beatr\OneDrive\Desktop\Projeto_Brocas_AE\data\standardized\04\04_common_Tr3_ext.wav
04,common,Tr4,int,96000,C:\Users\beatr\OneDrive\Desktop\Projeto_Brocas_AE\data\standardized\04\04_common_Tr4_int.wav
04,common,Tr5,int,96000,C:\Users\beatr\OneDrive\Desktop\Projeto_Brocas_AE\data\standardized\04\04_common_Tr5_int.wav
04,common,Tr6,int,96000,C:\Users\beatr\OneDrive\Desktop\Projeto_Brocas_AE\data\standardized\04\04_common_Tr6_int.wav
04,ultrasonic,ch1,int,192000,C:\Users\beatr\OneDrive\Desktop\Projeto_Brocas_AE\data\standardized\04\04_ultrasonic_ch1_int.wav
04,ultrasonic,ch1,int,192000,C:\Users\beatr\OneDrive\Desktop\Projeto_Brocas_AE\data\standardized\04\04_ultrasonic_ch1_int.wav
04,ultrasonic,ch1,int,192000,C:\Users\beatr\OneDrive\Desktop\Projeto_Brocas_AE\data\standardized\04\04_ultrasonic_ch1_int.wav
04,ultrasonic,ch1,int,192000,C:\Users\beatr\OneDrive\Desktop\Projeto_Brocas_AE\data\standardized\04\04_ultrasonic_ch1_int.wav
04,ultrasonic,ch1,int,192000,C:\Users\beatr\OneDrive\Desktop\Projeto_Brocas_AE\data\standardized\04\04_ultrasonic_ch1_int.wav
04,ultrasonic,ch1,int,192000,C:\Users\beatr\OneDrive\Desktop\Projeto_Brocas_AE\data\standardized\04\04_ultrasonic_ch1_int.wav
04,common,Tr1,ext,96000,C:\Users\beatr\OneDrive\Desktop\Projeto_Brocas_AE\data\standardized\04\04_common_Tr1_ext.wav
04,common,Tr2,ext,96000,C:\Users\beatr\OneDrive\Desktop\Projeto_Brocas_AE\data\standardized\04\04_common_Tr2_ext.wav
04,common,Tr3,ext,96000,C:\Users\beatr\OneDrive\Desktop\Projeto_Brocas_AE\data\standardized\04\04_common_Tr3_ext.wav
04,common,Tr4,int,96000,C:\Users\beatr\OneDrive\Desktop\Projeto_Brocas_AE\data\standardized\04\04_common_Tr4_int.wav
04,common,Tr5,int,96000,C:\Users\beatr\OneDrive\Desktop\Projeto_Brocas_AE\data\standardized\04\04_common_Tr5_int.wav
04,common,Tr6,int,96000,C:\Users\beatr\OneDrive\Desktop\Projeto_Brocas_AE\data\standardized\04\04_common_Tr6_int.wav
04,ultrasonic,ch1,int,192000,C:\Users\beatr\OneDrive\Desktop\Projeto_Brocas_AE\data\standardized\04\04_ultrasonic_ch1_int.wav
04,ultrasonic,ch1,int,192000,C:\Users\beatr\OneDrive\Desktop\Projeto_Brocas_AE\data\standardized\04\04_ultrasonic_ch1_int.wav
04,ultrasonic,ch1,int,192000,C:\Users\beatr\OneDrive\Desktop\Projeto_Brocas_AE\data\standardized\04\04_ultrasonic_ch1_int.wav
04,ultrasonic,ch1,int,192000,C:\Users\beatr\OneDrive\Desktop\Projeto_Brocas_AE\data\standardized\04\04_ultrasonic_ch1_int.wav
04,ultrasonic,ch1,int,192000,C:\Users\beatr\OneDrive\Desktop\Projeto_Brocas_AE\data\standardized\04\04_ultrasonic_ch1_int.wav
04,ultrasonic,ch1,int,192000,C:\Users\beatr\OneDrive\Desktop\Projeto_Brocas_AE\data\standardized\04\04_ultrasonic_ch1_int.wav
04,common,Tr1,ext,96000,C:\Users\beatr\OneDrive\Desktop\Projeto_Brocas_AE\data\standardized\04\04_common_Tr1_ext.wav
04,common,Tr2,ext,96000,C:\Users\beatr\OneDrive\Desktop\Projeto_Brocas_AE\data\standardized\04\04_common_Tr2_ext.wav
04,common,Tr3,ext,96000,C:\Users\beatr\OneDrive\Desktop\Projeto_Brocas_AE\data\standardized\04\04_common_Tr3_ext.wav
04,common,Tr4,int,96000,C:\Users\beatr\OneDrive\Desktop\Projeto_Brocas_AE\data\standardized\04\04_common_Tr4_int.wav
04,common,Tr5,int,96000,C:\Users\beatr\OneDrive\Desktop\Projeto_Brocas_AE\data\standardized\04\04_common_Tr5_int.wav
04,common,Tr6,int,96000,C:\Users\beatr\OneDrive\Desktop\Projeto_Brocas_AE\data\standardized\04\04_common_Tr6_int.wav
04,ultrasonic,ch1,int,192000,C:\Users\beatr\OneDrive\Desktop\Projeto_Brocas_AE\data\standardized\04\04_ultrasonic_ch1_int.wav
04,ultrasonic,ch1,int,192000,C:\Users\beatr\OneDrive\Desktop\Projeto_Brocas_AE\data\standardized\04\04_ultrasonic_ch1_int.wav
04,ultrasonic,ch1,int,192000,C:\Users\beatr\OneDrive\Desktop\Projeto_Brocas_AE\data\standardized\04\04_ultrasonic_ch1_int.wav
04,ultrasonic,ch1,int,192000,C:\Users\beatr\OneDrive\Desktop\Projeto_Brocas_AE\data\standardized\04\04_ultrasonic_ch1_int.wav
04,ultrasonic,ch1,int,192000,C:\Users\beatr\OneDrive\Desktop\Projeto_Brocas_AE\data\standardized\04\04_ultrasonic_ch1_int.wav
04,ultrasonic,ch1,int,192000,C:\Users\beatr\OneDrive\Desktop\Projeto_Brocas_AE\data\standardized\04\04_ultrasonic_ch1_int.wav
05,common,Tr1,ext,96000,C:\Users\beatr\OneDrive\Desktop\Projeto_Brocas_AE\data\standardized\05\05_common_Tr1_ext.wav
05,common,Tr2,ext,96000,C:\Users\beatr\OneDrive\Desktop\Projeto_Brocas_AE\data\standardized\05\05_common_Tr2_ext.wav
05,common,Tr3,ext,96000,C:\Users\beatr\OneDrive\Desktop\Projeto_Brocas_AE\data\standardized\05\05_common_Tr3_ext.wav
05,common,Tr4,int,96000,C:\Users\beatr\OneDrive\Desktop\Projeto_Brocas_AE\data\standardized\05\05_common_Tr4_int.wav
05,common,Tr5,int,96000,C:\Users\beatr\OneDrive\Desktop\Projeto_Brocas_AE\data\standardized\05\05_common_Tr5_int.wav
05,common,Tr6,int,96000,C:\Users\beatr\OneDrive\Desktop\Projeto_Brocas_AE\data\standardized\05\05_common_Tr6_int.wav
05,ultrasonic,ch1,int,192000,C:\Users\beatr\OneDrive\Desktop\Projeto_Brocas_AE\data\standardized\05\05_ultrasonic_ch1_int.wav
05,ultrasonic,ch1,int,192000,C:\Users\beatr\OneDrive\Desktop\Projeto_Brocas_AE\data\standardized\05\05_ultrasonic_ch1_int.wav
05,ultrasonic,ch1,int,192000,C:\Users\beatr\OneDrive\Desktop\Projeto_Brocas_AE\data\standardized\05\05_ultrasonic_ch1_int.wav
05,ultrasonic,ch1,int,192000,C:\Users\beatr\OneDrive\Desktop\Projeto_Brocas_AE\data\standardized\05\05_ultrasonic_ch1_int.wav
05,ultrasonic,ch1,int,192000,C:\Users\beatr\OneDrive\Desktop\Projeto_Brocas_AE\data\standardized\05\05_ultrasonic_ch1_int.wav
05,ultrasonic,ch1,int,192000,C:\Users\beatr\OneDrive\Desktop\Projeto_Brocas_AE\data\standardized\05\05_ultrasonic_ch1_int.wav
05,common,Tr1,ext,96000,C:\Users\beatr\OneDrive\Desktop\Projeto_Brocas_AE\data\standardized\05\05_common_Tr1_ext.wav
05,common,Tr2,ext,96000,C:\Users\beatr\OneDrive\Desktop\Projeto_Brocas_AE\data\standardized\05\05_common_Tr2_ext.wav
05,common,Tr3,ext,96000,C:\Users\beatr\OneDrive\Desktop\Projeto_Brocas_AE\data\standardized\05\05_common_Tr3_ext.wav
05,common,Tr4,int,96000,C:\Users\beatr\OneDrive\Desktop\Projeto_Brocas_AE\data\standardized\05\05_common_Tr4_int.wav
05,common,Tr5,int,96000,C:\Users\beatr\OneDrive\Desktop\Projeto_Brocas_AE\data\standardized\05\05_common_Tr5_int.wav
05,common,Tr6,int,96000,C:\Users\beatr\OneDrive\Desktop\Projeto_Brocas_AE\data\standardized\05\05_common_Tr6_int.wav
05,ultrasonic,ch1,int,192000,C:\Users\beatr\OneDrive\Desktop\Projeto_Brocas_AE\data\standardized\05\05_ultrasonic_ch1_int.wav
05,ultrasonic,ch1,int,192000,C:\Users\beatr\OneDrive\Desktop\Projeto_Brocas_AE\data\standardized\05\05_ultrasonic_ch1_int.wav
05,ultrasonic,ch1,int,192000,C:\Users\beatr\OneDrive\Desktop\Projeto_Brocas_AE\data\standardized\05\05_ultrasonic_ch1_int.wav
05,ultrasonic,ch1,int,192000,C:\Users\beatr\OneDrive\Desktop\Projeto_Brocas_AE\data\standardized\05\05_ultrasonic_ch1_int.wav
05,ultrasonic,ch1,int,192000,C:\Users\beatr\OneDrive\Desktop\Projeto_Brocas_AE\data\standardized\05\05_ultrasonic_ch1_int.wav
05,ultrasonic,ch1,int,192000,C:\Users\beatr\OneDrive\Desktop\Projeto_Brocas_AE\data\standardized\05\05_ultrasonic_ch1_int.wav
05,common,Tr1,ext,96000,C:\Users\beatr\OneDrive\Desktop\Projeto_Brocas_AE\data\standardized\05\05_common_Tr1_ext.wav
05,common,Tr2,ext,96000,C:\Users\beatr\OneDrive\Desktop\Projeto_Brocas_AE\data\standardized\05\05_common_Tr2_ext.wav
05,common,Tr3,ext,96000,C:\Users\beatr\OneDrive\Desktop\Projeto_Brocas_AE\data\standardized\05\05_common_Tr3_ext.wav
05,common,Tr4,int,96000,C:\Users\beatr\OneDrive\Desktop\Projeto_Brocas_AE\data\standardized\05\05_common_Tr4_int.wav
05,common,Tr5,int,96000,C:\Users\beatr\OneDrive\Desktop\Projeto_Brocas_AE\data\standardized\05\05_common_Tr5_int.wav
05,common,Tr6,int,96000,C:\Users\beatr\OneDrive\Desktop\Projeto_Brocas_AE\data\standardized\05\05_common_Tr6_int.wav
05,ultrasonic,ch1,int,192000,C:\Users\beatr\OneDrive\Desktop\Projeto_Brocas_AE\data\standardized\05\05_ultrasonic_ch1_int.wav
05,ultrasonic,ch1,int,192000,C:\Users\beatr\OneDrive\Desktop\Projeto_Brocas_AE\data\standardized\05\05_ultrasonic_ch1_int.wav
05,ultrasonic,ch1,int,192000,C:\Users\beatr\OneDrive\Desktop\Projeto_Brocas_AE\data\standardized\05\05_ultrasonic_ch1_int.wav
05,ultrasonic,ch1,int,192000,C:\Users\beatr\OneDrive\Desktop\Projeto_Brocas_AE\data\standardized\05\05_ultrasonic_ch1_int.wav
05,ultrasonic,ch1,int,192000,C:\Users\beatr\OneDrive\Desktop\Projeto_Brocas_AE\data\standardized\05\05_ultrasonic_ch1_int.wav
05,ultrasonic,ch1,int,192000,C:\Users\beatr\OneDrive\Desktop\Projeto_Brocas_AE\data\standardized\05\05_ultrasonic_ch1_int.wav
05,common,Tr1,ext,96000,C:\Users\beatr\OneDrive\Desktop\Projeto_Brocas_AE\data\standardized\05\05_common_Tr1_ext.wav
05,common,Tr2,ext,96000,C:\Users\beatr\OneDrive\Desktop\Projeto_Brocas_AE\data\standardized\05\05_common_Tr2_ext.wav
05,common,Tr3,ext,96000,C:\Users\beatr\OneDrive\Desktop\Projeto_Brocas_AE\data\standardized\05\05_common_Tr3_ext.wav
05,common,Tr4,int,96000,C:\Users\beatr\OneDrive\Desktop\Projeto_Brocas_AE\data\standardized\05\05_common_Tr4_int.wav
05,common,Tr5,int,96000,C:\Users\beatr\OneDrive\Desktop\Projeto_Brocas_AE\data\standardized\05\05_common_Tr5_int.wav
05,common,Tr6,int,96000,C:\Users\beatr\OneDrive\Desktop\Projeto_Brocas_AE\data\standardized\05\05_common_Tr6_int.wav
05,ultrasonic,ch1,int,192000,C:\Users\beatr\OneDrive\Desktop\Projeto_Brocas_AE\data\standardized\05\05_ultrasonic_ch1_int.wav
05,ultrasonic,ch1,int,192000,C:\Users\beatr\OneDrive\Desktop\Projeto_Brocas_AE\data\standardized\05\05_ultrasonic_ch1_int.wav
05,ultrasonic,ch1,int,192000,C:\Users\beatr\OneDrive\Desktop\Projeto_Brocas_AE\data\standardized\05\05_ultrasonic_ch1_int.wav
05,ultrasonic,ch1,int,192000,C:\Users\beatr\OneDrive\Desktop\Projeto_Brocas_AE\data\standardized\05\05_ultrasonic_ch1_int.wav
05,ultrasonic,ch1,int,192000,C:\Users\beatr\OneDrive\Desktop\Projeto_Brocas_AE\data\standardized\05\05_ultrasonic_ch1_int.wav
05,ultrasonic,ch1,int,192000,C:\Users\beatr\OneDrive\Desktop\Projeto_Brocas_AE\data\standardized\05\05_ultrasonic_ch1_int.wav
05,common,Tr1,ext,96000,C:\Users\beatr\OneDrive\Desktop\Projeto_Brocas_AE\data\standardized\05\05_common_Tr1_ext.wav
05,common,Tr2,ext,96000,C:\Users\beatr\OneDrive\Desktop\Projeto_Brocas_AE\data\standardized\05\05_common_Tr2_ext.wav
05,common,Tr3,ext,96000,C:\Users\beatr\OneDrive\Desktop\Projeto_Brocas_AE\data\standardized\05\05_common_Tr3_ext.wav
05,common,Tr4,int,96000,C:\Users\beatr\OneDrive\Desktop\Projeto_Brocas_AE\data\standardized\05\05_common_Tr4_int.wav
05,common,Tr5,int,96000,C:\Users\beatr\OneDrive\Desktop\Projeto_Brocas_AE\data\standardized\05\05_common_Tr5_int.wav
05,common,Tr6,int,96000,C:\Users\beatr\OneDrive\Desktop\Projeto_Brocas_AE\data\standardized\05\05_common_Tr6_int.wav
05,ultrasonic,ch1,int,192000,C:\Users\beatr\OneDrive\Desktop\Projeto_Brocas_AE\data\standardized\05\05_ultrasonic_ch1_int.wav
05,ultrasonic,ch1,int,192000,C:\Users\beatr\OneDrive\Desktop\Projeto_Brocas_AE\data\standardized\05\05_ultrasonic_ch1_int.wav
05,ultrasonic,ch1,int,192000,C:\Users\beatr\OneDrive\Desktop\Projeto_Brocas_AE\data\standardized\05\05_ultrasonic_ch1_int.wav
05,ultrasonic,ch1,int,192000,C:\Users\beatr\OneDrive\Desktop\Projeto_Brocas_AE\data\standardized\05\05_ultrasonic_ch1_int.wav
05,ultrasonic,ch1,int,192000,C:\Users\beatr\OneDrive\Desktop\Projeto_Brocas_AE\data\standardized\05\05_ultrasonic_ch1_int.wav
05,ultrasonic,ch1,int,192000,C:\Users\beatr\OneDrive\Desktop\Projeto_Brocas_AE\data\standardized\05\05_ultrasonic_ch1_int.wav
05,common,Tr1,ext,96000,C:\Users\beatr\OneDrive\Desktop\Projeto_Brocas_AE\data\standardized\05\05_common_Tr1_ext.wav
05,common,Tr2,ext,96000,C:\Users\beatr\OneDrive\Desktop\Projeto_Brocas_AE\data\standardized\05\05_common_Tr2_ext.wav
05,common,Tr3,ext,96000,C:\Users\beatr\OneDrive\Desktop\Projeto_Brocas_AE\data\standardized\05\05_common_Tr3_ext.wav
05,common,Tr4,int,96000,C:\Users\beatr\OneDrive\Desktop\Projeto_Brocas_AE\data\standardized\05\05_common_Tr4_int.wav
05,common,Tr5,int,96000,C:\Users\beatr\OneDrive\Desktop\Projeto_Brocas_AE\data\standardized\05\05_common_Tr5_int.wav
05,common,Tr6,int,96000,C:\Users\beatr\OneDrive\Desktop\Projeto_Brocas_AE\data\standardized\05\05_common_Tr6_int.wav
05,ultrasonic,ch1,int,192000,C:\Users\beatr\OneDrive\Desktop\Projeto_Brocas_AE\data\standardized\05\05_ultrasonic_ch1_int.wav
05,ultrasonic,ch1,int,192000,C:\Users\beatr\OneDrive\Desktop\Projeto_Brocas_AE\data\standardized\05\05_ultrasonic_ch1_int.wav
05,ultrasonic,ch1,int,192000,C:\Users\beatr\OneDrive\Desktop\Projeto_Brocas_AE\data\standardized\05\05_ultrasonic_ch1_int.wav
05,ultrasonic,ch1,int,192000,C:\Users\beatr\OneDrive\Desktop\Projeto_Brocas_AE\data\standardized\05\05_ultrasonic_ch1_int.wav
05,ultrasonic,ch1,int,192000,C:\Users\beatr\OneDrive\Desktop\Projeto_Brocas_AE\data\standardized\05\05_ultrasonic_ch1_int.wav
05,ultrasonic,ch1,int,192000,C:\Users\beatr\OneDrive\Desktop\Projeto_Brocas_AE\data\standardized\05\05_ultrasonic_ch1_int.wav
06,common,Tr1,ext,96000,C:\Users\beatr\OneDrive\Desktop\Projeto_Brocas_AE\data\standardized\06\06_common_Tr1_ext.wav
06,common,Tr2,ext,96000,C:\Users\beatr\OneDrive\Desktop\Projeto_Brocas_AE\data\standardized\06\06_common_Tr2_ext.wav
06,common,Tr3,ext,96000,C:\Users\beatr\OneDrive\Desktop\Projeto_Brocas_AE\data\standardized\06\06_common_Tr3_ext.wav
06,common,Tr4,int,96000,C:\Users\beatr\OneDrive\Desktop\Projeto_Brocas_AE\data\standardized\06\06_common_Tr4_int.wav
06,common,Tr5,int,96000,C:\Users\beatr\OneDrive\Desktop\Projeto_Brocas_AE\data\standardized\06\06_common_Tr5_int.wav
06,common,Tr6,int,96000,C:\Users\beatr\OneDrive\Desktop\Projeto_Brocas_AE\data\standardized\06\06_common_Tr6_int.wav
06,ultrasonic,ch1,int,192000,C:\Users\beatr\OneDrive\Desktop\Projeto_Brocas_AE\data\standardized\06\06_ultrasonic_ch1_int.wav
06,ultrasonic,ch1,int,192000,C:\Users\beatr\OneDrive\Desktop\Projeto_Brocas_AE\data\standardized\06\06_ultrasonic_ch1_int.wav
06,ultrasonic,ch1,int,192000,C:\Users\beatr\OneDrive\Desktop\Projeto_Brocas_AE\data\standardized\06\06_ultrasonic_ch1_int.wav
06,ultrasonic,ch1,int,192000,C:\Users\beatr\OneDrive\Desktop\Projeto_Brocas_AE\data\standardized\06\06_ultrasonic_ch1_int.wav
06,ultrasonic,ch1,int,192000,C:\Users\beatr\OneDrive\Desktop\Projeto_Brocas_AE\data\standardized\06\06_ultrasonic_ch1_int.wav
06,ultrasonic,ch1,int,192000,C:\Users\beatr\OneDrive\Desktop\Projeto_Brocas_AE\data\standardized\06\06_ultrasonic_ch1_int.wav
06,common,Tr1,ext,96000,C:\Users\beatr\OneDrive\Desktop\Projeto_Brocas_AE\data\standardized\06\06_common_Tr1_ext.wav
06,common,Tr2,ext,96000,C:\Users\beatr\OneDrive\Desktop\Projeto_Brocas_AE\data\standardized\06\06_common_Tr2_ext.wav
06,common,Tr3,ext,96000,C:\Users\beatr\OneDrive\Desktop\Projeto_Brocas_AE\data\standardized\06\06_common_Tr3_ext.wav
06,common,Tr4,int,96000,C:\Users\beatr\OneDrive\Desktop\Projeto_Brocas_AE\data\standardized\06\06_common_Tr4_int.wav
06,common,Tr5,int,96000,C:\Users\beatr\OneDrive\Desktop\Projeto_Brocas_AE\data\standardized\06\06_common_Tr5_int.wav
06,common,Tr6,int,96000,C:\Users\beatr\OneDrive\Desktop\Projeto_Brocas_AE\data\standardized\06\06_common_Tr6_int.wav
06,ultrasonic,ch1,int,192000,C:\Users\beatr\OneDrive\Desktop\Projeto_Brocas_AE\data\standardized\06\06_ultrasonic_ch1_int.wav
06,ultrasonic,ch1,int,192000,C:\Users\beatr\OneDrive\Desktop\Projeto_Brocas_AE\data\standardized\06\06_ultrasonic_ch1_int.wav
06,ultrasonic,ch1,int,192000,C:\Users\beatr\OneDrive\Desktop\Projeto_Brocas_AE\data\standardized\06\06_ultrasonic_ch1_int.wav
06,ultrasonic,ch1,int,192000,C:\Users\beatr\OneDrive\Desktop\Projeto_Brocas_AE\data\standardized\06\06_ultrasonic_ch1_int.wav
06,ultrasonic,ch1,int,192000,C:\Users\beatr\OneDrive\Desktop\Projeto_Brocas_AE\data\standardized\06\06_ultrasonic_ch1_int.wav
06,ultrasonic,ch1,int,192000,C:\Users\beatr\OneDrive\Desktop\Projeto_Brocas_AE\data\standardized\06\06_ultrasonic_ch1_int.wav
06,common,Tr1,ext,96000,C:\Users\beatr\OneDrive\Desktop\Projeto_Brocas_AE\data\standardized\06\06_common_Tr1_ext.wav
06,common,Tr2,ext,96000,C:\Users\beatr\OneDrive\Desktop\Projeto_Brocas_AE\data\standardized\06\06_common_Tr2_ext.wav
06,common,Tr3,ext,96000,C:\Users\beatr\OneDrive\Desktop\Projeto_Brocas_AE\data\standardized\06\06_common_Tr3_ext.wav
06,common,Tr4,int,96000,C:\Users\beatr\OneDrive\Desktop\Projeto_Brocas_AE\data\standardized\06\06_common_Tr4_int.wav
06,common,Tr5,int,96000,C:\Users\beatr\OneDrive\Desktop\Projeto_Brocas_AE\data\standardized\06\06_common_Tr5_int.wav
06,common,Tr6,int,96000,C:\Users\beatr\OneDrive\Desktop\Projeto_Brocas_AE\data\standardized\06\06_common_Tr6_int.wav
06,ultrasonic,ch1,int,192000,C:\Users\beatr\OneDrive\Desktop\Projeto_Brocas_AE\data\standardized\06\06_ultrasonic_ch1_int.wav
06,ultrasonic,ch1,int,192000,C:\Users\beatr\OneDrive\Desktop\Projeto_Brocas_AE\data\standardized\06\06_ultrasonic_ch1_int.wav
06,ultrasonic,ch1,int,192000,C:\Users\beatr\OneDrive\Desktop\Projeto_Brocas_AE\data\standardized\06\06_ultrasonic_ch1_int.wav
06,ultrasonic,ch1,int,192000,C:\Users\beatr\OneDrive\Desktop\Projeto_Brocas_AE\data\standardized\06\06_ultrasonic_ch1_int.wav
06,ultrasonic,ch1,int,192000,C:\Users\beatr\OneDrive\Desktop\Projeto_Brocas_AE\data\standardized\06\06_ultrasonic_ch1_int.wav
06,ultrasonic,ch1,int,192000,C:\Users\beatr\OneDrive\Desktop\Projeto_Brocas_AE\data\standardized\06\06_ultrasonic_ch1_int.wav
07,common,Tr1,ext,96000,C:\Users\beatr\OneDrive\Desktop\Projeto_Brocas_AE\data\standardized\07\07_common_Tr1_ext.wav
07,common,Tr2,ext,96000,C:\Users\beatr\OneDrive\Desktop\Projeto_Brocas_AE\data\standardized\07\07_common_Tr2_ext.wav
07,common,Tr3,ext,96000,C:\Users\beatr\OneDrive\Desktop\Projeto_Brocas_AE\data\standardized\07\07_common_Tr3_ext.wav
07,common,Tr4,int,96000,C:\Users\beatr\OneDrive\Desktop\Projeto_Brocas_AE\data\standardized\07\07_common_Tr4_int.wav
07,common,Tr5,int,96000,C:\Users\beatr\OneDrive\Desktop\Projeto_Brocas_AE\data\standardized\07\07_common_Tr5_int.wav
07,common,Tr6,int,96000,C:\Users\beatr\OneDrive\Desktop\Projeto_Brocas_AE\data\standardized\07\07_common_Tr6_int.wav
07,ultrasonic,ch1,int,192000,C:\Users\beatr\OneDrive\Desktop\Projeto_Brocas_AE\data\standardized\07\07_ultrasonic_ch1_int.wav
07,ultrasonic,ch1,int,192000,C:\Users\beatr\OneDrive\Desktop\Projeto_Brocas_AE\data\standardized\07\07_ultrasonic_ch1_int.wav
07,ultrasonic,ch1,int,192000,C:\Users\beatr\OneDrive\Desktop\Projeto_Brocas_AE\data\standardized\07\07_ultrasonic_ch1_int.wav
07,ultrasonic,ch1,int,192000,C:\Users\beatr\OneDrive\Desktop\Projeto_Brocas_AE\data\standardized\07\07_ultrasonic_ch1_int.wav
07,ultrasonic,ch1,int,192000,C:\Users\beatr\OneDrive\Desktop\Projeto_Brocas_AE\data\standardized\07\07_ultrasonic_ch1_int.wav
07,ultrasonic,ch1,int,192000,C:\Users\beatr\OneDrive\Desktop\Projeto_Brocas_AE\data\standardized\07\07_ultrasonic_ch1_int.wav
07,common,Tr1,ext,96000,C:\Users\beatr\OneDrive\Desktop\Projeto_Brocas_AE\data\standardized\07\07_common_Tr1_ext.wav
07,common,Tr2,ext,96000,C:\Users\beatr\OneDrive\Desktop\Projeto_Brocas_AE\data\standardized\07\07_common_Tr2_ext.wav
07,common,Tr3,ext,96000,C:\Users\beatr\OneDrive\Desktop\Projeto_Brocas_AE\data\standardized\07\07_common_Tr3_ext.wav
07,common,Tr4,int,96000,C:\Users\beatr\OneDrive\Desktop\Projeto_Brocas_AE\data\standardized\07\07_common_Tr4_int.wav
07,common,Tr5,int,96000,C:\Users\beatr\OneDrive\Desktop\Projeto_Brocas_AE\data\standardized\07\07_common_Tr5_int.wav
07,common,Tr6,int,96000,C:\Users\beatr\OneDrive\Desktop\Projeto_Brocas_AE\data\standardized\07\07_common_Tr6_int.wav
07,ultrasonic,ch1,int,192000,C:\Users\beatr\OneDrive\Desktop\Projeto_Brocas_AE\data\standardized\07\07_ultrasonic_ch1_int.wav
07,ultrasonic,ch1,int,192000,C:\Users\beatr\OneDrive\Desktop\Projeto_Brocas_AE\data\standardized\07\07_ultrasonic_ch1_int.wav
07,ultrasonic,ch1,int,192000,C:\Users\beatr\OneDrive\Desktop\Projeto_Brocas_AE\data\standardized\07\07_ultrasonic_ch1_int.wav
07,ultrasonic,ch1,int,192000,C:\Users\beatr\OneDrive\Desktop\Projeto_Brocas_AE\data\standardized\07\07_ultrasonic_ch1_int.wav
07,ultrasonic,ch1,int,192000,C:\Users\beatr\OneDrive\Desktop\Projeto_Brocas_AE\data\standardized\07\07_ultrasonic_ch1_int.wav
07,ultrasonic,ch1,int,192000,C:\Users\beatr\OneDrive\Desktop\Projeto_Brocas_AE\data\standardized\07\07_ultrasonic_ch1_int.wav
07,common,Tr1,ext,96000,C:\Users\beatr\OneDrive\Desktop\Projeto_Brocas_AE\data\standardized\07\07_common_Tr1_ext.wav
07,common,Tr2,ext,96000,C:\Users\beatr\OneDrive\Desktop\Projeto_Brocas_AE\data\standardized\07\07_common_Tr2_ext.wav
07,common,Tr3,ext,96000,C:\Users\beatr\OneDrive\Desktop\Projeto_Brocas_AE\data\standardized\07\07_common_Tr3_ext.wav
07,common,Tr4,int,96000,C:\Users\beatr\OneDrive\Desktop\Projeto_Brocas_AE\data\standardized\07\07_common_Tr4_int.wav
07,common,Tr5,int,96000,C:\Users\beatr\OneDrive\Desktop\Projeto_Brocas_AE\data\standardized\07\07_common_Tr5_int.wav
07,common,Tr6,int,96000,C:\Users\beatr\OneDrive\Desktop\Projeto_Brocas_AE\data\standardized\07\07_common_Tr6_int.wav
07,ultrasonic,ch1,int,192000,C:\Users\beatr\OneDrive\Desktop\Projeto_Brocas_AE\data\standardized\07\07_ultrasonic_ch1_int.wav
07,ultrasonic,ch1,int,192000,C:\Users\beatr\OneDrive\Desktop\Projeto_Brocas_AE\data\standardized\07\07_ultrasonic_ch1_int.wav
07,ultrasonic,ch1,int,192000,C:\Users\beatr\OneDrive\Desktop\Projeto_Brocas_AE\data\standardized\07\07_ultrasonic_ch1_int.wav
07,ultrasonic,ch1,int,192000,C:\Users\beatr\OneDrive\Desktop\Projeto_Brocas_AE\data\standardized\07\07_ultrasonic_ch1_int.wav
07,ultrasonic,ch1,int,192000,C:\Users\beatr\OneDrive\Desktop\Projeto_Brocas_AE\data\standardized\07\07_ultrasonic_ch1_int.wav
07,ultrasonic,ch1,int,192000,C:\Users\beatr\OneDrive\Desktop\Projeto_Brocas_AE\data\standardized\07\07_ultrasonic_ch1_int.wav
07,common,Tr1,ext,96000,C:\Users\beatr\OneDrive\Desktop\Projeto_Brocas_AE\data\standardized\07\07_common_Tr1_ext.wav
07,common,Tr2,ext,96000,C:\Users\beatr\OneDrive\Desktop\Projeto_Brocas_AE\data\standardized\07\07_common_Tr2_ext.wav
07,common,Tr3,ext,96000,C:\Users\beatr\OneDrive\Desktop\Projeto_Brocas_AE\data\standardized\07\07_common_Tr3_ext.wav
07,common,Tr4,int,96000,C:\Users\beatr\OneDrive\Desktop\Projeto_Brocas_AE\data\standardized\07\07_common_Tr4_int.wav
07,common,Tr5,int,96000,C:\Users\beatr\OneDrive\Desktop\Projeto_Brocas_AE\data\standardized\07\07_common_Tr5_int.wav
07,common,Tr6,int,96000,C:\Users\beatr\OneDrive\Desktop\Projeto_Brocas_AE\data\standardized\07\07_common_Tr6_int.wav
07,ultrasonic,ch1,int,192000,C:\Users\beatr\OneDrive\Desktop\Projeto_Brocas_AE\data\standardized\07\07_ultrasonic_ch1_int.wav
07,ultrasonic,ch1,int,192000,C:\Users\beatr\OneDrive\Desktop\Projeto_Brocas_AE\data\standardized\07\07_ultrasonic_ch1_int.wav
07,ultrasonic,ch1,int,192000,C:\Users\beatr\OneDrive\Desktop\Projeto_Brocas_AE\data\standardized\07\07_ultrasonic_ch1_int.wav
07,ultrasonic,ch1,int,192000,C:\Users\beatr\OneDrive\Desktop\Projeto_Brocas_AE\data\standardized\07\07_ultrasonic_ch1_int.wav
07,ultrasonic,ch1,int,192000,C:\Users\beatr\OneDrive\Desktop\Projeto_Brocas_AE\data\standardized\07\07_ultrasonic_ch1_int.wav
07,ultrasonic,ch1,int,192000,C:\Users\beatr\OneDrive\Desktop\Projeto_Brocas_AE\data\standardized\07\07_ultrasonic_ch1_int.wav
08,common,Tr1,ext,96000,C:\Users\beatr\OneDrive\Desktop\Projeto_Brocas_AE\data\standardized\08\08_common_Tr1_ext.wav
08,common,Tr2,ext,96000,C:\Users\beatr\OneDrive\Desktop\Projeto_Brocas_AE\data\standardized\08\08_common_Tr2_ext.wav
08,common,Tr3,ext,96000,C:\Users\beatr\OneDrive\Desktop\Projeto_Brocas_AE\data\standardized\08\08_common_Tr3_ext.wav
08,common,Tr4,int,96000,C:\Users\beatr\OneDrive\Desktop\Projeto_Brocas_AE\data\standardized\08\08_common_Tr4_int.wav
08,common,Tr5,int,96000,C:\Users\beatr\OneDrive\Desktop\Projeto_Brocas_AE\data\standardized\08\08_common_Tr5_int.wav
08,common,Tr6,int,96000,C:\Users\beatr\OneDrive\Desktop\Projeto_Brocas_AE\data\standardized\08\08_common_Tr6_int.wav
08,ultrasonic,ch1,int,192000,C:\Users\beatr\OneDrive\Desktop\Projeto_Brocas_AE\data\standardized\08\08_ultrasonic_ch1_int.wav
08,ultrasonic,ch1,int,192000,C:\Users\beatr\OneDrive\Desktop\Projeto_Brocas_AE\data\standardized\08\08_ultrasonic_ch1_int.wav
08,ultrasonic,ch1,int,192000,C:\Users\beatr\OneDrive\Desktop\Projeto_Brocas_AE\data\standardized\08\08_ultrasonic_ch1_int.wav
08,ultrasonic,ch1,int,192000,C:\Users\beatr\OneDrive\Desktop\Projeto_Brocas_AE\data\standardized\08\08_ultrasonic_ch1_int.wav
08,ultrasonic,ch1,int,192000,C:\Users\beatr\OneDrive\Desktop\Projeto_Brocas_AE\data\standardized\08\08_ultrasonic_ch1_int.wav
08,ultrasonic,ch1,int,192000,C:\Users\beatr\OneDrive\Desktop\Projeto_Brocas_AE\data\standardized\08\08_ultrasonic_ch1_int.wav
08,common,Tr1,ext,96000,C:\Users\beatr\OneDrive\Desktop\Projeto_Brocas_AE\data\standardized\08\08_common_Tr1_ext.wav
08,common,Tr2,ext,96000,C:\Users\beatr\OneDrive\Desktop\Projeto_Brocas_AE\data\standardized\08\08_common_Tr2_ext.wav
08,common,Tr3,ext,96000,C:\Users\beatr\OneDrive\Desktop\Projeto_Brocas_AE\data\standardized\08\08_common_Tr3_ext.wav
08,common,Tr4,int,96000,C:\Users\beatr\OneDrive\Desktop\Projeto_Brocas_AE\data\standardized\08\08_common_Tr4_int.wav
08,common,Tr5,int,96000,C:\Users\beatr\OneDrive\Desktop\Projeto_Brocas_AE\data\standardized\08\08_common_Tr5_int.wav
08,common,Tr6,int,96000,C:\Users\beatr\OneDrive\Desktop\Projeto_Brocas_AE\data\standardized\08\08_common_Tr6_int.wav
08,ultrasonic,ch1,int,192000,C:\Users\beatr\OneDrive\Desktop\Projeto_Brocas_AE\data\standardized\08\08_ultrasonic_ch1_int.wav
08,ultrasonic,ch1,int,192000,C:\Users\beatr\OneDrive\Desktop\Projeto_Brocas_AE\data\standardized\08\08_ultrasonic_ch1_int.wav
08,ultrasonic,ch1,int,192000,C:\Users\beatr\OneDrive\Desktop\Projeto_Brocas_AE\data\standardized\08\08_ultrasonic_ch1_int.wav
08,ultrasonic,ch1,int,192000,C:\Users\beatr\OneDrive\Desktop\Projeto_Brocas_AE\data\standardized\08\08_ultrasonic_ch1_int.wav
08,ultrasonic,ch1,int,192000,C:\Users\beatr\OneDrive\Desktop\Projeto_Brocas_AE\data\standardized\08\08_ultrasonic_ch1_int.wav
08,ultrasonic,ch1,int,192000,C:\Users\beatr\OneDrive\Desktop\Projeto_Brocas_AE\data\standardized\08\08_ultrasonic_ch1_int.wav
08,common,Tr1,ext,96000,C:\Users\beatr\OneDrive\Desktop\Projeto_Brocas_AE\data\standardized\08\08_common_Tr1_ext.wav
08,common,Tr2,ext,96000,C:\Users\beatr\OneDrive\Desktop\Projeto_Brocas_AE\data\standardized\08\08_common_Tr2_ext.wav
08,common,Tr3,ext,96000,C:\Users\beatr\OneDrive\Desktop\Projeto_Brocas_AE\data\standardized\08\08_common_Tr3_ext.wav
08,common,Tr4,int,96000,C:\Users\beatr\OneDrive\Desktop\Projeto_Brocas_AE\data\standardized\08\08_common_Tr4_int.wav
08,common,Tr5,int,96000,C:\Users\beatr\OneDrive\Desktop\Projeto_Brocas_AE\data\standardized\08\08_common_Tr5_int.wav
08,common,Tr6,int,96000,C:\Users\beatr\OneDrive\Desktop\Projeto_Brocas_AE\data\standardized\08\08_common_Tr6_int.wav
08,ultrasonic,ch1,int,192000,C:\Users\beatr\OneDrive\Desktop\Projeto_Brocas_AE\data\standardized\08\08_ultrasonic_ch1_int.wav
08,ultrasonic,ch1,int,192000,C:\Users\beatr\OneDrive\Desktop\Projeto_Brocas_AE\data\standardized\08\08_ultrasonic_ch1_int.wav
08,ultrasonic,ch1,int,192000,C:\Users\beatr\OneDrive\Desktop\Projeto_Brocas_AE\data\standardized\08\08_ultrasonic_ch1_int.wav
08,ultrasonic,ch1,int,192000,C:\Users\beatr\OneDrive\Desktop\Projeto_Brocas_AE\data\standardized\08\08_ultrasonic_ch1_int.wav
08,ultrasonic,ch1,int,192000,C:\Users\beatr\OneDrive\Desktop\Projeto_Brocas_AE\data\standardized\08\08_ultrasonic_ch1_int.wav
08,ultrasonic,ch1,int,192000,C:\Users\beatr\OneDrive\Desktop\Projeto_Brocas_AE\data\standardized\08\08_ultrasonic_ch1_int.wav
08,common,Tr1,ext,96000,C:\Users\beatr\OneDrive\Desktop\Projeto_Brocas_AE\data\standardized\08\08_common_Tr1_ext.wav
08,common,Tr2,ext,96000,C:\Users\beatr\OneDrive\Desktop\Projeto_Brocas_AE\data\standardized\08\08_common_Tr2_ext.wav
08,common,Tr3,ext,96000,C:\Users\beatr\OneDrive\Desktop\Projeto_Brocas_AE\data\standardized\08\08_common_Tr3_ext.wav
08,common,Tr4,int,96000,C:\Users\beatr\OneDrive\Desktop\Projeto_Brocas_AE\data\standardized\08\08_common_Tr4_int.wav
08,common,Tr5,int,96000,C:\Users\beatr\OneDrive\Desktop\Projeto_Brocas_AE\data\standardized\08\08_common_Tr5_int.wav
08,common,Tr6,int,96000,C:\Users\beatr\OneDrive\Desktop\Projeto_Brocas_AE\data\standardized\08\08_common_Tr6_int.wav
08,ultrasonic,ch1,int,192000,C:\Users\beatr\OneDrive\Desktop\Projeto_Brocas_AE\data\standardized\08\08_ultrasonic_ch1_int.wav
08,ultrasonic,ch1,int,192000,C:\Users\beatr\OneDrive\Desktop\Projeto_Brocas_AE\data\standardized\08\08_ultrasonic_ch1_int.wav
08,ultrasonic,ch1,int,192000,C:\Users\beatr\OneDrive\Desktop\Projeto_Brocas_AE\data\standardized\08\08_ultrasonic_ch1_int.wav
08,ultrasonic,ch1,int,192000,C:\Users\beatr\OneDrive\Desktop\Projeto_Brocas_AE\data\standardized\08\08_ultrasonic_ch1_int.wav
08,ultrasonic,ch1,int,192000,C:\Users\beatr\OneDrive\Desktop\Projeto_Brocas_AE\data\standardized\08\08_ultrasonic_ch1_int.wav
08,ultrasonic,ch1,int,192000,C:\Users\beatr\OneDrive\Desktop\Projeto_Brocas_AE\data\standardized\08\08_ultrasonic_ch1_int.wav
09,common,Tr1,ext,96000,C:\Users\beatr\OneDrive\Desktop\Projeto_Brocas_AE\data\standardized\09\09_common_Tr1_ext.wav
09,common,Tr2,ext,96000,C:\Users\beatr\OneDrive\Desktop\Projeto_Brocas_AE\data\standardized\09\09_common_Tr2_ext.wav
09,common,Tr3,ext,96000,C:\Users\beatr\OneDrive\Desktop\Projeto_Brocas_AE\data\standardized\09\09_common_Tr3_ext.wav
09,common,Tr4,int,96000,C:\Users\beatr\OneDrive\Desktop\Projeto_Brocas_AE\data\standardized\09\09_common_Tr4_int.wav
09,common,Tr5,int,96000,C:\Users\beatr\OneDrive\Desktop\Projeto_Brocas_AE\data\standardized\09\09_common_Tr5_int.wav
09,common,Tr6,int,96000,C:\Users\beatr\OneDrive\Desktop\Projeto_Brocas_AE\data\standardized\09\09_common_Tr6_int.wav
09,ultrasonic,ch1,int,192000,C:\Users\beatr\OneDrive\Desktop\Projeto_Brocas_AE\data\standardized\09\09_ultrasonic_ch1_int.wav
09,ultrasonic,ch1,int,192000,C:\Users\beatr\OneDrive\Desktop\Projeto_Brocas_AE\data\standardized\09\09_ultrasonic_ch1_int.wav
09,ultrasonic,ch1,int,192000,C:\Users\beatr\OneDrive\Desktop\Projeto_Brocas_AE\data\standardized\09\09_ultrasonic_ch1_int.wav
09,ultrasonic,ch1,int,192000,C:\Users\beatr\OneDrive\Desktop\Projeto_Brocas_AE\data\standardized\09\09_ultrasonic_ch1_int.wav
09,ultrasonic,ch1,int,192000,C:\Users\beatr\OneDrive\Desktop\Projeto_Brocas_AE\data\standardized\09\09_ultrasonic_ch1_int.wav
09,ultrasonic,ch1,int,192000,C:\Users\beatr\OneDrive\Desktop\Projeto_Brocas_AE\data\standardized\09\09_ultrasonic_ch1_int.wav
09,common,Tr1,ext,96000,C:\Users\beatr\OneDrive\Desktop\Projeto_Brocas_AE\data\standardized\09\09_common_Tr1_ext.wav
09,common,Tr2,ext,96000,C:\Users\beatr\OneDrive\Desktop\Projeto_Brocas_AE\data\standardized\09\09_common_Tr2_ext.wav
09,common,Tr3,ext,96000,C:\Users\beatr\OneDrive\Desktop\Projeto_Brocas_AE\data\standardized\09\09_common_Tr3_ext.wav
09,common,Tr4,int,96000,C:\Users\beatr\OneDrive\Desktop\Projeto_Brocas_AE\data\standardized\09\09_common_Tr4_int.wav
09,common,Tr5,int,96000,C:\Users\beatr\OneDrive\Desktop\Projeto_Brocas_AE\data\standardized\09\09_common_Tr5_int.wav
09,common,Tr6,int,96000,C:\Users\beatr\OneDrive\Desktop\Projeto_Brocas_AE\data\standardized\09\09_common_Tr6_int.wav
09,ultrasonic,ch1,int,192000,C:\Users\beatr\OneDrive\Desktop\Projeto_Brocas_AE\data\standardized\09\09_ultrasonic_ch1_int.wav
09,ultrasonic,ch1,int,192000,C:\Users\beatr\OneDrive\Desktop\Projeto_Brocas_AE\data\standardized\09\09_ultrasonic_ch1_int.wav
09,ultrasonic,ch1,int,192000,C:\Users\beatr\OneDrive\Desktop\Projeto_Brocas_AE\data\standardized\09\09_ultrasonic_ch1_int.wav
09,ultrasonic,ch1,int,192000,C:\Users\beatr\OneDrive\Desktop\Projeto_Brocas_AE\data\standardized\09\09_ultrasonic_ch1_int.wav
09,ultrasonic,ch1,int,192000,C:\Users\beatr\OneDrive\Desktop\Projeto_Brocas_AE\data\standardized\09\09_ultrasonic_ch1_int.wav
09,ultrasonic,ch1,int,192000,C:\Users\beatr\OneDrive\Desktop\Projeto_Brocas_AE\data\standardized\09\09_ultrasonic_ch1_int.wav
09,common,Tr1,ext,96000,C:\Users\beatr\OneDrive\Desktop\Projeto_Brocas_AE\data\standardized\09\09_common_Tr1_ext.wav
09,common,Tr2,ext,96000,C:\Users\beatr\OneDrive\Desktop\Projeto_Brocas_AE\data\standardized\09\09_common_Tr2_ext.wav
09,common,Tr3,ext,96000,C:\Users\beatr\OneDrive\Desktop\Projeto_Brocas_AE\data\standardized\09\09_common_Tr3_ext.wav
09,common,Tr4,int,96000,C:\Users\beatr\OneDrive\Desktop\Projeto_Brocas_AE\data\standardized\09\09_common_Tr4_int.wav
09,common,Tr5,int,96000,C:\Users\beatr\OneDrive\Desktop\Projeto_Brocas_AE\data\standardized\09\09_common_Tr5_int.wav
09,common,Tr6,int,96000,C:\Users\beatr\OneDrive\Desktop\Projeto_Brocas_AE\data\standardized\09\09_common_Tr6_int.wav
09,ultrasonic,ch1,int,192000,C:\Users\beatr\OneDrive\Desktop\Projeto_Brocas_AE\data\standardized\09\09_ultrasonic_ch1_int.wav
09,ultrasonic,ch1,int,192000,C:\Users\beatr\OneDrive\Desktop\Projeto_Brocas_AE\data\standardized\09\09_ultrasonic_ch1_int.wav
09,ultrasonic,ch1,int,192000,C:\Users\beatr\OneDrive\Desktop\Projeto_Brocas_AE\data\standardized\09\09_ultrasonic_ch1_int.wav
09,ultrasonic,ch1,int,192000,C:\Users\beatr\OneDrive\Desktop\Projeto_Brocas_AE\data\standardized\09\09_ultrasonic_ch1_int.wav
09,ultrasonic,ch1,int,192000,C:\Users\beatr\OneDrive\Desktop\Projeto_Brocas_AE\data\standardized\09\09_ultrasonic_ch1_int.wav
09,ultrasonic,ch1,int,192000,C:\Users\beatr\OneDrive\Desktop\Projeto_Brocas_AE\data\standardized\09\09_ultrasonic_ch1_int.wav
09,common,Tr1,ext,96000,C:\Users\beatr\OneDrive\Desktop\Projeto_Brocas_AE\data\standardized\09\09_common_Tr1_ext.wav
09,common,Tr2,ext,96000,C:\Users\beatr\OneDrive\Desktop\Projeto_Brocas_AE\data\standardized\09\09_common_Tr2_ext.wav
09,common,Tr3,ext,96000,C:\Users\beatr\OneDrive\Desktop\Projeto_Brocas_AE\data\standardized\09\09_common_Tr3_ext.wav
09,common,Tr4,int,96000,C:\Users\beatr\OneDrive\Desktop\Projeto_Brocas_AE\data\standardized\09\09_common_Tr4_int.wav
09,common,Tr5,int,96000,C:\Users\beatr\OneDrive\Desktop\Projeto_Brocas_AE\data\standardized\09\09_common_Tr5_int.wav
09,common,Tr6,int,96000,C:\Users\beatr\OneDrive\Desktop\Projeto_Brocas_AE\data\standardized\09\09_common_Tr6_int.wav
09,ultrasonic,ch1,int,192000,C:\Users\beatr\OneDrive\Desktop\Projeto_Brocas_AE\data\standardized\09\09_ultrasonic_ch1_int.wav
09,ultrasonic,ch1,int,192000,C:\Users\beatr\OneDrive\Desktop\Projeto_Brocas_AE\data\standardized\09\09_ultrasonic_ch1_int.wav
09,ultrasonic,ch1,int,192000,C:\Users\beatr\OneDrive\Desktop\Projeto_Brocas_AE\data\standardized\09\09_ultrasonic_ch1_int.wav
09,ultrasonic,ch1,int,192000,C:\Users\beatr\OneDrive\Desktop\Projeto_Brocas_AE\data\standardized\09\09_ultrasonic_ch1_int.wav
09,ultrasonic,ch1,int,192000,C:\Users\beatr\OneDrive\Desktop\Projeto_Brocas_AE\data\standardized\09\09_ultrasonic_ch1_int.wav
09,ultrasonic,ch1,int,192000,C:\Users\beatr\OneDrive\Desktop\Projeto_Brocas_AE\data\standardized\09\09_ultrasonic_ch1_int.wav
10,common,Tr1,ext,96000,C:\Users\beatr\OneDrive\Desktop\Projeto_Brocas_AE\data\standardized\10\10_common_Tr1_ext.wav
10,common,Tr2,ext,96000,C:\Users\beatr\OneDrive\Desktop\Projeto_Brocas_AE\data\standardized\10\10_common_Tr2_ext.wav
10,common,Tr3,ext,96000,C:\Users\beatr\OneDrive\Desktop\Projeto_Brocas_AE\data\standardized\10\10_common_Tr3_ext.wav
10,common,Tr4,int,96000,C:\Users\beatr\OneDrive\Desktop\Projeto_Brocas_AE\data\standardized\10\10_common_Tr4_int.wav
10,common,Tr5,int,96000,C:\Users\beatr\OneDrive\Desktop\Projeto_Brocas_AE\data\standardized\10\10_common_Tr5_int.wav
10,common,Tr6,int,96000,C:\Users\beatr\OneDrive\Desktop\Projeto_Brocas_AE\data\standardized\10\10_common_Tr6_int.wav
10,ultrasonic,ch1,int,192000,C:\Users\beatr\OneDrive\Desktop\Projeto_Brocas_AE\data\standardized\10\10_ultrasonic_ch1_int.wav
10,ultrasonic,ch1,int,192000,C:\Users\beatr\OneDrive\Desktop\Projeto_Brocas_AE\data\standardized\10\10_ultrasonic_ch1_int.wav
10,ultrasonic,ch1,int,192000,C:\Users\beatr\OneDrive\Desktop\Projeto_Brocas_AE\data\standardized\10\10_ultrasonic_ch1_int.wav
10,ultrasonic,ch1,int,192000,C:\Users\beatr\OneDrive\Desktop\Projeto_Brocas_AE\data\standardized\10\10_ultrasonic_ch1_int.wav
10,ultrasonic,ch1,int,192000,C:\Users\beatr\OneDrive\Desktop\Projeto_Brocas_AE\data\standardized\10\10_ultrasonic_ch1_int.wav
10,ultrasonic,ch1,int,192000,C:\Users\beatr\OneDrive\Desktop\Projeto_Brocas_AE\data\standardized\10\10_ultrasonic_ch1_int.wav
10,common,Tr1,ext,96000,C:\Users\beatr\OneDrive\Desktop\Projeto_Brocas_AE\data\standardized\10\10_common_Tr1_ext.wav
10,common,Tr2,ext,96000,C:\Users\beatr\OneDrive\Desktop\Projeto_Brocas_AE\data\standardized\10\10_common_Tr2_ext.wav
10,common,Tr3,ext,96000,C:\Users\beatr\OneDrive\Desktop\Projeto_Brocas_AE\data\standardized\10\10_common_Tr3_ext.wav
10,common,Tr4,int,96000,C:\Users\beatr\OneDrive\Desktop\Projeto_Brocas_AE\data\standardized\10\10_common_Tr4_int.wav
10,common,Tr5,int,96000,C:\Users\beatr\OneDrive\Desktop\Projeto_Brocas_AE\data\standardized\10\10_common_Tr5_int.wav
10,common,Tr6,int,96000,C:\Users\beatr\OneDrive\Desktop\Projeto_Brocas_AE\data\standardized\10\10_common_Tr6_int.wav
10,ultrasonic,ch1,int,192000,C:\Users\beatr\OneDrive\Desktop\Projeto_Brocas_AE\data\standardized\10\10_ultrasonic_ch1_int.wav
10,ultrasonic,ch1,int,192000,C:\Users\beatr\OneDrive\Desktop\Projeto_Brocas_AE\data\standardized\10\10_ultrasonic_ch1_int.wav
10,ultrasonic,ch1,int,192000,C:\Users\beatr\OneDrive\Desktop\Projeto_Brocas_AE\data\standardized\10\10_ultrasonic_ch1_int.wav
10,ultrasonic,ch1,int,192000,C:\Users\beatr\OneDrive\Desktop\Projeto_Brocas_AE\data\standardized\10\10_ultrasonic_ch1_int.wav
10,ultrasonic,ch1,int,192000,C:\Users\beatr\OneDrive\Desktop\Projeto_Brocas_AE\data\standardized\10\10_ultrasonic_ch1_int.wav
10,ultrasonic,ch1,int,192000,C:\Users\beatr\OneDrive\Desktop\Projeto_Brocas_AE\data\standardized\10\10_ultrasonic_ch1_int.wav
10,common,Tr1,ext,96000,C:\Users\beatr\OneDrive\Desktop\Projeto_Brocas_AE\data\standardized\10\10_common_Tr1_ext.wav
10,common,Tr2,ext,96000,C:\Users\beatr\OneDrive\Desktop\Projeto_Brocas_AE\data\standardized\10\10_common_Tr2_ext.wav
10,common,Tr3,ext,96000,C:\Users\beatr\OneDrive\Desktop\Projeto_Brocas_AE\data\standardized\10\10_common_Tr3_ext.wav
10,common,Tr4,int,96000,C:\Users\beatr\OneDrive\Desktop\Projeto_Brocas_AE\data\standardized\10\10_common_Tr4_int.wav
10,common,Tr5,int,96000,C:\Users\beatr\OneDrive\Desktop\Projeto_Brocas_AE\data\standardized\10\10_common_Tr5_int.wav
10,common,Tr6,int,96000,C:\Users\beatr\OneDrive\Desktop\Projeto_Brocas_AE\data\standardized\10\10_common_Tr6_int.wav
10,ultrasonic,ch1,int,192000,C:\Users\beatr\OneDrive\Desktop\Projeto_Brocas_AE\data\standardized\10\10_ultrasonic_ch1_int.wav
10,ultrasonic,ch1,int,192000,C:\Users\beatr\OneDrive\Desktop\Projeto_Brocas_AE\data\standardized\10\10_ultrasonic_ch1_int.wav
10,ultrasonic,ch1,int,192000,C:\Users\beatr\OneDrive\Desktop\Projeto_Brocas_AE\data\standardized\10\10_ultrasonic_ch1_int.wav
10,ultrasonic,ch1,int,192000,C:\Users\beatr\OneDrive\Desktop\Projeto_Brocas_AE\data\standardized\10\10_ultrasonic_ch1_int.wav
10,ultrasonic,ch1,int,192000,C:\Users\beatr\OneDrive\Desktop\Projeto_Brocas_AE\data\standardized\10\10_ultrasonic_ch1_int.wav
10,ultrasonic,ch1,int,192000,C:\Users\beatr\OneDrive\Desktop\Projeto_Brocas_AE\data\standardized\10\10_ultrasonic_ch1_int.wav
10,common,Tr1,ext,96000,C:\Users\beatr\OneDrive\Desktop\Projeto_Brocas_AE\data\standardized\10\10_common_Tr1_ext.wav
10,common,Tr2,ext,96000,C:\Users\beatr\OneDrive\Desktop\Projeto_Brocas_AE\data\standardized\10\10_common_Tr2_ext.wav
10,common,Tr3,ext,96000,C:\Users\beatr\OneDrive\Desktop\Projeto_Brocas_AE\data\standardized\10\10_common_Tr3_ext.wav
10,common,Tr4,int,96000,C:\Users\beatr\OneDrive\Desktop\Projeto_Brocas_AE\data\standardized\10\10_common_Tr4_int.wav
10,common,Tr5,int,96000,C:\Users\beatr\OneDrive\Desktop\Projeto_Brocas_AE\data\standardized\10\10_common_Tr5_int.wav
10,common,Tr6,int,96000,C:\Users\beatr\OneDrive\Desktop\Projeto_Brocas_AE\data\standardized\10\10_common_Tr6_int.wav
10,ultrasonic,ch1,int,192000,C:\Users\beatr\OneDrive\Desktop\Projeto_Brocas_AE\data\standardized\10\10_ultrasonic_ch1_int.wav
10,ultrasonic,ch1,int,192000,C:\Users\beatr\OneDrive\Desktop\Projeto_Brocas_AE\data\standardized\10\10_ultrasonic_ch1_int.wav
10,ultrasonic,ch1,int,192000,C:\Users\beatr\OneDrive\Desktop\Projeto_Brocas_AE\data\standardized\10\10_ultrasonic_ch1_int.wav
10,ultrasonic,ch1,int,192000,C:\Users\beatr\OneDrive\Desktop\Projeto_Brocas_AE\data\standardized\10\10_ultrasonic_ch1_int.wav
10,ultrasonic,ch1,int,192000,C:\Users\beatr\OneDrive\Desktop\Projeto_Brocas_AE\data\standardized\10\10_ultrasonic_ch1_int.wav
10,ultrasonic,ch1,int,192000,C:\Users\beatr\OneDrive\Desktop\Projeto_Brocas_AE\data\standardized\10\10_ultrasonic_ch1_int.wav
10,common,Tr1,ext,96000,C:\Users\beatr\OneDrive\Desktop\Projeto_Brocas_AE\data\standardized\10\10_common_Tr1_ext.wav
10,common,Tr2,ext,96000,C:\Users\beatr\OneDrive\Desktop\Projeto_Brocas_AE\data\standardized\10\10_common_Tr2_ext.wav
10,common,Tr3,ext,96000,C:\Users\beatr\OneDrive\Desktop\Projeto_Brocas_AE\data\standardized\10\10_common_Tr3_ext.wav
10,common,Tr4,int,96000,C:\Users\beatr\OneDrive\Desktop\Projeto_Brocas_AE\data\standardized\10\10_common_Tr4_int.wav
10,common,Tr5,int,96000,C:\Users\beatr\OneDrive\Desktop\Projeto_Brocas_AE\data\standardized\10\10_common_Tr5_int.wav
10,common,Tr6,int,96000,C:\Users\beatr\OneDrive\Desktop\Projeto_Brocas_AE\data\standardized\10\10_common_Tr6_int.wav
10,ultrasonic,ch1,int,192000,C:\Users\beatr\OneDrive\Desktop\Projeto_Brocas_AE\data\standardized\10\10_ultrasonic_ch1_int.wav
10,ultrasonic,ch1,int,192000,C:\Users\beatr\OneDrive\Desktop\Projeto_Brocas_AE\data\standardized\10\10_ultrasonic_ch1_int.wav
10,ultrasonic,ch1,int,192000,C:\Users\beatr\OneDrive\Desktop\Projeto_Brocas_AE\data\standardized\10\10_ultrasonic_ch1_int.wav
10,ultrasonic,ch1,int,192000,C:\Users\beatr\OneDrive\Desktop\Projeto_Brocas_AE\data\standardized\10\10_ultrasonic_ch1_int.wav
10,ultrasonic,ch1,int,192000,C:\Users\beatr\OneDrive\Desktop\Projeto_Brocas_AE\data\standardized\10\10_ultrasonic_ch1_int.wav
10,ultrasonic,ch1,int,192000,C:\Users\beatr\OneDrive\Desktop\Projeto_Brocas_AE\data\standardized\10\10_ultrasonic_ch1_int.wav
10,common,Tr1,ext,96000,C:\Users\beatr\OneDrive\Desktop\Projeto_Brocas_AE\data\standardized\10\10_common_Tr1_ext.wav
10,common,Tr2,ext,96000,C:\Users\beatr\OneDrive\Desktop\Projeto_Brocas_AE\data\standardized\10\10_common_Tr2_ext.wav
10,common,Tr3,ext,96000,C:\Users\beatr\OneDrive\Desktop\Projeto_Brocas_AE\data\standardized\10\10_common_Tr3_ext.wav
10,common,Tr4,int,96000,C:\Users\beatr\OneDrive\Desktop\Projeto_Brocas_AE\data\standardized\10\10_common_Tr4_int.wav
10,common,Tr5,int,96000,C:\Users\beatr\OneDrive\Desktop\Projeto_Brocas_AE\data\standardized\10\10_common_Tr5_int.wav
10,common,Tr6,int,96000,C:\Users\beatr\OneDrive\Desktop\Projeto_Brocas_AE\data\standardized\10\10_common_Tr6_int.wav
10,ultrasonic,ch1,int,192000,C:\Users\beatr\OneDrive\Desktop\Projeto_Brocas_AE\data\standardized\10\10_ultrasonic_ch1_int.wav
10,ultrasonic,ch1,int,192000,C:\Users\beatr\OneDrive\Desktop\Projeto_Brocas_AE\data\standardized\10\10_ultrasonic_ch1_int.wav
10,ultrasonic,ch1,int,192000,C:\Users\beatr\OneDrive\Desktop\Projeto_Brocas_AE\data\standardized\10\10_ultrasonic_ch1_int.wav
10,ultrasonic,ch1,int,192000,C:\Users\beatr\OneDrive\Desktop\Projeto_Brocas_AE\data\standardized\10\10_ultrasonic_ch1_int.wav
10,ultrasonic,ch1,int,192000,C:\Users\beatr\OneDrive\Desktop\Projeto_Brocas_AE\data\standardized\10\10_ultrasonic_ch1_int.wav
10,ultrasonic,ch1,int,192000,C:\Users\beatr\OneDrive\Desktop\Projeto_Brocas_AE\data\standardized\10\10_ultrasonic_ch1_int.wav
10,common,Tr1,ext,96000,C:\Users\beatr\OneDrive\Desktop\Projeto_Brocas_AE\data\standardized\10\10_common_Tr1_ext.wav
10,common,Tr2,ext,96000,C:\Users\beatr\OneDrive\Desktop\Projeto_Brocas_AE\data\standardized\10\10_common_Tr2_ext.wav
10,common,Tr3,ext,96000,C:\Users\beatr\OneDrive\Desktop\Projeto_Brocas_AE\data\standardized\10\10_common_Tr3_ext.wav
10,common,Tr4,int,96000,C:\Users\beatr\OneDrive\Desktop\Projeto_Brocas_AE\data\standardized\10\10_common_Tr4_int.wav
10,common,Tr5,int,96000,C:\Users\beatr\OneDrive\Desktop\Projeto_Brocas_AE\data\standardized\10\10_common_Tr5_int.wav
10,common,Tr6,int,96000,C:\Users\beatr\OneDrive\Desktop\Projeto_Brocas_AE\data\standardized\10\10_common_Tr6_int.wav
10,ultrasonic,ch1,int,192000,C:\Users\beatr\OneDrive\Desktop\Projeto_Brocas_AE\data\standardized\10\10_ultrasonic_ch1_int.wav
10,ultrasonic,ch1,int,192000,C:\Users\beatr\OneDrive\Desktop\Projeto_Brocas_AE\data\standardized\10\10_ultrasonic_ch1_int.wav
10,ultrasonic,ch1,int,192000,C:\Users\beatr\OneDrive\Desktop\Projeto_Brocas_AE\data\standardized\10\10_ultrasonic_ch1_int.wav
10,ultrasonic,ch1,int,192000,C:\Users\beatr\OneDrive\Desktop\Projeto_Brocas_AE\data\standardized\10\10_ultrasonic_ch1_int.wav
10,ultrasonic,ch1,int,192000,C:\Users\beatr\OneDrive\Desktop\Projeto_Brocas_AE\data\standardized\10\10_ultrasonic_ch1_int.wav
10,ultrasonic,ch1,int,192000,C:\Users\beatr\OneDrive\Desktop\Projeto_Brocas_AE\data\standardized\10\10_ultrasonic_ch1_int.wav
11,common,Tr1,ext,96000,C:\Users\beatr\OneDrive\Desktop\Projeto_Brocas_AE\data\standardized\11\11_common_Tr1_ext.wav
11,common,Tr2,ext,96000,C:\Users\beatr\OneDrive\Desktop\Projeto_Brocas_AE\data\standardized\11\11_common_Tr2_ext.wav
11,common,Tr3,ext,96000,C:\Users\beatr\OneDrive\Desktop\Projeto_Brocas_AE\data\standardized\11\11_common_Tr3_ext.wav
11,common,Tr4,int,96000,C:\Users\beatr\OneDrive\Desktop\Projeto_Brocas_AE\data\standardized\11\11_common_Tr4_int.wav
11,common,Tr5,int,96000,C:\Users\beatr\OneDrive\Desktop\Projeto_Brocas_AE\data\standardized\11\11_common_Tr5_int.wav
11,common,Tr6,int,96000,C:\Users\beatr\OneDrive\Desktop\Projeto_Brocas_AE\data\standardized\11\11_common_Tr6_int.wav
11,ultrasonic,ch1,int,192000,C:\Users\beatr\OneDrive\Desktop\Projeto_Brocas_AE\data\standardized\11\11_ultrasonic_ch1_int.wav
11,ultrasonic,ch1,int,192000,C:\Users\beatr\OneDrive\Desktop\Projeto_Brocas_AE\data\standardized\11\11_ultrasonic_ch1_int.wav
11,ultrasonic,ch1,int,192000,C:\Users\beatr\OneDrive\Desktop\Projeto_Brocas_AE\data\standardized\11\11_ultrasonic_ch1_int.wav
11,ultrasonic,ch1,int,192000,C:\Users\beatr\OneDrive\Desktop\Projeto_Brocas_AE\data\standardized\11\11_ultrasonic_ch1_int.wav
11,ultrasonic,ch1,int,192000,C:\Users\beatr\OneDrive\Desktop\Projeto_Brocas_AE\data\standardized\11\11_ultrasonic_ch1_int.wav
11,ultrasonic,ch1,int,192000,C:\Users\beatr\OneDrive\Desktop\Projeto_Brocas_AE\data\standardized\11\11_ultrasonic_ch1_int.wav
11,common,Tr1,ext,96000,C:\Users\beatr\OneDrive\Desktop\Projeto_Brocas_AE\data\standardized\11\11_common_Tr1_ext.wav
11,common,Tr2,ext,96000,C:\Users\beatr\OneDrive\Desktop\Projeto_Brocas_AE\data\standardized\11\11_common_Tr2_ext.wav
11,common,Tr3,ext,96000,C:\Users\beatr\OneDrive\Desktop\Projeto_Brocas_AE\data\standardized\11\11_common_Tr3_ext.wav
11,common,Tr4,int,96000,C:\Users\beatr\OneDrive\Desktop\Projeto_Brocas_AE\data\standardized\11\11_common_Tr4_int.wav
11,common,Tr5,int,96000,C:\Users\beatr\OneDrive\Desktop\Projeto_Brocas_AE\data\standardized\11\11_common_Tr5_int.wav
11,common,Tr6,int,96000,C:\Users\beatr\OneDrive\Desktop\Projeto_Brocas_AE\data\standardized\11\11_common_Tr6_int.wav
11,ultrasonic,ch1,int,192000,C:\Users\beatr\OneDrive\Desktop\Projeto_Brocas_AE\data\standardized\11\11_ultrasonic_ch1_int.wav
11,ultrasonic,ch1,int,192000,C:\Users\beatr\OneDrive\Desktop\Projeto_Brocas_AE\data\standardized\11\11_ultrasonic_ch1_int.wav
11,ultrasonic,ch1,int,192000,C:\Users\beatr\OneDrive\Desktop\Projeto_Brocas_AE\data\standardized\11\11_ultrasonic_ch1_int.wav
11,ultrasonic,ch1,int,192000,C:\Users\beatr\OneDrive\Desktop\Projeto_Brocas_AE\data\standardized\11\11_ultrasonic_ch1_int.wav
11,ultrasonic,ch1,int,192000,C:\Users\beatr\OneDrive\Desktop\Projeto_Brocas_AE\data\standardized\11\11_ultrasonic_ch1_int.wav
11,ultrasonic,ch1,int,192000,C:\Users\beatr\OneDrive\Desktop\Projeto_Brocas_AE\data\standardized\11\11_ultrasonic_ch1_int.wav
11,common,Tr1,ext,96000,C:\Users\beatr\OneDrive\Desktop\Projeto_Brocas_AE\data\standardized\11\11_common_Tr1_ext.wav
11,common,Tr2,ext,96000,C:\Users\beatr\OneDrive\Desktop\Projeto_Brocas_AE\data\standardized\11\11_common_Tr2_ext.wav
11,common,Tr3,ext,96000,C:\Users\beatr\OneDrive\Desktop\Projeto_Brocas_AE\data\standardized\11\11_common_Tr3_ext.wav
11,common,Tr4,int,96000,C:\Users\beatr\OneDrive\Desktop\Projeto_Brocas_AE\data\standardized\11\11_common_Tr4_int.wav
11,common,Tr5,int,96000,C:\Users\beatr\OneDrive\Desktop\Projeto_Brocas_AE\data\standardized\11\11_common_Tr5_int.wav
11,common,Tr6,int,96000,C:\Users\beatr\OneDrive\Desktop\Projeto_Brocas_AE\data\standardized\11\11_common_Tr6_int.wav
11,ultrasonic,ch1,int,192000,C:\Users\beatr\OneDrive\Desktop\Projeto_Brocas_AE\data\standardized\11\11_ultrasonic_ch1_int.wav
11,ultrasonic,ch1,int,192000,C:\Users\beatr\OneDrive\Desktop\Projeto_Brocas_AE\data\standardized\11\11_ultrasonic_ch1_int.wav
11,ultrasonic,ch1,int,192000,C:\Users\beatr\OneDrive\Desktop\Projeto_Brocas_AE\data\standardized\11\11_ultrasonic_ch1_int.wav
11,ultrasonic,ch1,int,192000,C:\Users\beatr\OneDrive\Desktop\Projeto_Brocas_AE\data\standardized\11\11_ultrasonic_ch1_int.wav
11,ultrasonic,ch1,int,192000,C:\Users\beatr\OneDrive\Desktop\Projeto_Brocas_AE\data\standardized\11\11_ultrasonic_ch1_int.wav
11,ultrasonic,ch1,int,192000,C:\Users\beatr\OneDrive\Desktop\Projeto_Brocas_AE\data\standardized\11\11_ultrasonic_ch1_int.wav
12,common,Tr1,ext,96000,C:\Users\beatr\OneDrive\Desktop\Projeto_Brocas_AE\data\standardized\12\12_common_Tr1_ext.wav
12,common,Tr2,ext,96000,C:\Users\beatr\OneDrive\Desktop\Projeto_Brocas_AE\data\standardized\12\12_common_Tr2_ext.wav
12,common,Tr3,ext,96000,C:\Users\beatr\OneDrive\Desktop\Projeto_Brocas_AE\data\standardized\12\12_common_Tr3_ext.wav
12,common,Tr4,int,96000,C:\Users\beatr\OneDrive\Desktop\Projeto_Brocas_AE\data\standardized\12\12_common_Tr4_int.wav
12,common,Tr5,int,96000,C:\Users\beatr\OneDrive\Desktop\Projeto_Brocas_AE\data\standardized\12\12_common_Tr5_int.wav
12,common,Tr6,int,96000,C:\Users\beatr\OneDrive\Desktop\Projeto_Brocas_AE\data\standardized\12\12_common_Tr6_int.wav
12,ultrasonic,ch1,int,192000,C:\Users\beatr\OneDrive\Desktop\Projeto_Brocas_AE\data\standardized\12\12_ultrasonic_ch1_int.wav
12,ultrasonic,ch1,int,192000,C:\Users\beatr\OneDrive\Desktop\Projeto_Brocas_AE\data\standardized\12\12_ultrasonic_ch1_int.wav
12,ultrasonic,ch1,int,192000,C:\Users\beatr\OneDrive\Desktop\Projeto_Brocas_AE\data\standardized\12\12_ultrasonic_ch1_int.wav
12,ultrasonic,ch1,int,192000,C:\Users\beatr\OneDrive\Desktop\Projeto_Brocas_AE\data\standardized\12\12_ultrasonic_ch1_int.wav
12,ultrasonic,ch1,int,192000,C:\Users\beatr\OneDrive\Desktop\Projeto_Brocas_AE\data\standardized\12\12_ultrasonic_ch1_int.wav
12,ultrasonic,ch1,int,192000,C:\Users\beatr\OneDrive\Desktop\Projeto_Brocas_AE\data\standardized\12\12_ultrasonic_ch1_int.wav
12,common,Tr1,ext,96000,C:\Users\beatr\OneDrive\Desktop\Projeto_Brocas_AE\data\standardized\12\12_common_Tr1_ext.wav
12,common,Tr2,ext,96000,C:\Users\beatr\OneDrive\Desktop\Projeto_Brocas_AE\data\standardized\12\12_common_Tr2_ext.wav
12,common,Tr3,ext,96000,C:\Users\beatr\OneDrive\Desktop\Projeto_Brocas_AE\data\standardized\12\12_common_Tr3_ext.wav
12,common,Tr4,int,96000,C:\Users\beatr\OneDrive\Desktop\Projeto_Brocas_AE\data\standardized\12\12_common_Tr4_int.wav
12,common,Tr5,int,96000,C:\Users\beatr\OneDrive\Desktop\Projeto_Brocas_AE\data\standardized\12\12_common_Tr5_int.wav
12,common,Tr6,int,96000,C:\Users\beatr\OneDrive\Desktop\Projeto_Brocas_AE\data\standardized\12\12_common_Tr6_int.wav
12,ultrasonic,ch1,int,192000,C:\Users\beatr\OneDrive\Desktop\Projeto_Brocas_AE\data\standardized\12\12_ultrasonic_ch1_int.wav
12,ultrasonic,ch1,int,192000,C:\Users\beatr\OneDrive\Desktop\Projeto_Brocas_AE\data\standardized\12\12_ultrasonic_ch1_int.wav
12,ultrasonic,ch1,int,192000,C:\Users\beatr\OneDrive\Desktop\Projeto_Brocas_AE\data\standardized\12\12_ultrasonic_ch1_int.wav
12,ultrasonic,ch1,int,192000,C:\Users\beatr\OneDrive\Desktop\Projeto_Brocas_AE\data\standardized\12\12_ultrasonic_ch1_int.wav
12,ultrasonic,ch1,int,192000,C:\Users\beatr\OneDrive\Desktop\Projeto_Brocas_AE\data\standardized\12\12_ultrasonic_ch1_int.wav
12,ultrasonic,ch1,int,192000,C:\Users\beatr\OneDrive\Desktop\Projeto_Brocas_AE\data\standardized\12\12_ultrasonic_ch1_int.wav
12,common,Tr1,ext,96000,C:\Users\beatr\OneDrive\Desktop\Projeto_Brocas_AE\data\standardized\12\12_common_Tr1_ext.wav
12,common,Tr2,ext,96000,C:\Users\beatr\OneDrive\Desktop\Projeto_Brocas_AE\data\standardized\12\12_common_Tr2_ext.wav
12,common,Tr3,ext,96000,C:\Users\beatr\OneDrive\Desktop\Projeto_Brocas_AE\data\standardized\12\12_common_Tr3_ext.wav
12,common,Tr4,int,96000,C:\Users\beatr\OneDrive\Desktop\Projeto_Brocas_AE\data\standardized\12\12_common_Tr4_int.wav
12,common,Tr5,int,96000,C:\Users\beatr\OneDrive\Desktop\Projeto_Brocas_AE\data\standardized\12\12_common_Tr5_int.wav
12,common,Tr6,int,96000,C:\Users\beatr\OneDrive\Desktop\Projeto_Brocas_AE\data\standardized\12\12_common_Tr6_int.wav
12,ultrasonic,ch1,int,192000,C:\Users\beatr\OneDrive\Desktop\Projeto_Brocas_AE\data\standardized\12\12_ultrasonic_ch1_int.wav
12,ultrasonic,ch1,int,192000,C:\Users\beatr\OneDrive\Desktop\Projeto_Brocas_AE\data\standardized\12\12_ultrasonic_ch1_int.wav
12,ultrasonic,ch1,int,192000,C:\Users\beatr\OneDrive\Desktop\Projeto_Brocas_AE\data\standardized\12\12_ultrasonic_ch1_int.wav
12,ultrasonic,ch1,int,192000,C:\Users\beatr\OneDrive\Desktop\Projeto_Brocas_AE\data\standardized\12\12_ultrasonic_ch1_int.wav
12,ultrasonic,ch1,int,192000,C:\Users\beatr\OneDrive\Desktop\Projeto_Brocas_AE\data\standardized\12\12_ultrasonic_ch1_int.wav
12,ultrasonic,ch1,int,192000,C:\Users\beatr\OneDrive\Desktop\Projeto_Brocas_AE\data\standardized\12\12_ultrasonic_ch1_int.wav
13,common,Tr1,ext,96000,C:\Users\beatr\OneDrive\Desktop\Projeto_Brocas_AE\data\standardized\13\13_common_Tr1_ext.wav
13,common,Tr2,ext,96000,C:\Users\beatr\OneDrive\Desktop\Projeto_Brocas_AE\data\standardized\13\13_common_Tr2_ext.wav
13,common,Tr3,ext,96000,C:\Users\beatr\OneDrive\Desktop\Projeto_Brocas_AE\data\standardized\13\13_common_Tr3_ext.wav
13,common,Tr4,int,96000,C:\Users\beatr\OneDrive\Desktop\Projeto_Brocas_AE\data\standardized\13\13_common_Tr4_int.wav
13,common,Tr5,int,96000,C:\Users\beatr\OneDrive\Desktop\Projeto_Brocas_AE\data\standardized\13\13_common_Tr5_int.wav
13,common,Tr6,int,96000,C:\Users\beatr\OneDrive\Desktop\Projeto_Brocas_AE\data\standardized\13\13_common_Tr6_int.wav
13,ultrasonic,ch1,int,192000,C:\Users\beatr\OneDrive\Desktop\Projeto_Brocas_AE\data\standardized\13\13_ultrasonic_ch1_int.wav
13,ultrasonic,ch1,int,192000,C:\Users\beatr\OneDrive\Desktop\Projeto_Brocas_AE\data\standardized\13\13_ultrasonic_ch1_int.wav
13,ultrasonic,ch1,int,192000,C:\Users\beatr\OneDrive\Desktop\Projeto_Brocas_AE\data\standardized\13\13_ultrasonic_ch1_int.wav
13,ultrasonic,ch1,int,192000,C:\Users\beatr\OneDrive\Desktop\Projeto_Brocas_AE\data\standardized\13\13_ultrasonic_ch1_int.wav
13,ultrasonic,ch1,int,192000,C:\Users\beatr\OneDrive\Desktop\Projeto_Brocas_AE\data\standardized\13\13_ultrasonic_ch1_int.wav
13,ultrasonic,ch1,int,192000,C:\Users\beatr\OneDrive\Desktop\Projeto_Brocas_AE\data\standardized\13\13_ultrasonic_ch1_int.wav
13,common,Tr1,ext,96000,C:\Users\beatr\OneDrive\Desktop\Projeto_Brocas_AE\data\standardized\13\13_common_Tr1_ext.wav
13,common,Tr2,ext,96000,C:\Users\beatr\OneDrive\Desktop\Projeto_Brocas_AE\data\standardized\13\13_common_Tr2_ext.wav
13,common,Tr3,ext,96000,C:\Users\beatr\OneDrive\Desktop\Projeto_Brocas_AE\data\standardized\13\13_common_Tr3_ext.wav
13,common,Tr4,int,96000,C:\Users\beatr\OneDrive\Desktop\Projeto_Brocas_AE\data\standardized\13\13_common_Tr4_int.wav
13,common,Tr5,int,96000,C:\Users\beatr\OneDrive\Desktop\Projeto_Brocas_AE\data\standardized\13\13_common_Tr5_int.wav
13,common,Tr6,int,96000,C:\Users\beatr\OneDrive\Desktop\Projeto_Brocas_AE\data\standardized\13\13_common_Tr6_int.wav
13,ultrasonic,ch1,int,192000,C:\Users\beatr\OneDrive\Desktop\Projeto_Brocas_AE\data\standardized\13\13_ultrasonic_ch1_int.wav
13,ultrasonic,ch1,int,192000,C:\Users\beatr\OneDrive\Desktop\Projeto_Brocas_AE\data\standardized\13\13_ultrasonic_ch1_int.wav
13,ultrasonic,ch1,int,192000,C:\Users\beatr\OneDrive\Desktop\Projeto_Brocas_AE\data\standardized\13\13_ultrasonic_ch1_int.wav
13,ultrasonic,ch1,int,192000,C:\Users\beatr\OneDrive\Desktop\Projeto_Brocas_AE\data\standardized\13\13_ultrasonic_ch1_int.wav
13,ultrasonic,ch1,int,192000,C:\Users\beatr\OneDrive\Desktop\Projeto_Brocas_AE\data\standardized\13\13_ultrasonic_ch1_int.wav
13,ultrasonic,ch1,int,192000,C:\Users\beatr\OneDrive\Desktop\Projeto_Brocas_AE\data\standardized\13\13_ultrasonic_ch1_int.wav
13,common,Tr1,ext,96000,C:\Users\beatr\OneDrive\Desktop\Projeto_Brocas_AE\data\standardized\13\13_common_Tr1_ext.wav
13,common,Tr2,ext,96000,C:\Users\beatr\OneDrive\Desktop\Projeto_Brocas_AE\data\standardized\13\13_common_Tr2_ext.wav
13,common,Tr3,ext,96000,C:\Users\beatr\OneDrive\Desktop\Projeto_Brocas_AE\data\standardized\13\13_common_Tr3_ext.wav
13,common,Tr4,int,96000,C:\Users\beatr\OneDrive\Desktop\Projeto_Brocas_AE\data\standardized\13\13_common_Tr4_int.wav
13,common,Tr5,int,96000,C:\Users\beatr\OneDrive\Desktop\Projeto_Brocas_AE\data\standardized\13\13_common_Tr5_int.wav
13,common,Tr6,int,96000,C:\Users\beatr\OneDrive\Desktop\Projeto_Brocas_AE\data\standardized\13\13_common_Tr6_int.wav
13,ultrasonic,ch1,int,192000,C:\Users\beatr\OneDrive\Desktop\Projeto_Brocas_AE\data\standardized\13\13_ultrasonic_ch1_int.wav
13,ultrasonic,ch1,int,192000,C:\Users\beatr\OneDrive\Desktop\Projeto_Brocas_AE\data\standardized\13\13_ultrasonic_ch1_int.wav
13,ultrasonic,ch1,int,192000,C:\Users\beatr\OneDrive\Desktop\Projeto_Brocas_AE\data\standardized\13\13_ultrasonic_ch1_int.wav
13,ultrasonic,ch1,int,192000,C:\Users\beatr\OneDrive\Desktop\Projeto_Brocas_AE\data\standardized\13\13_ultrasonic_ch1_int.wav
13,ultrasonic,ch1,int,192000,C:\Users\beatr\OneDrive\Desktop\Projeto_Brocas_AE\data\standardized\13\13_ultrasonic_ch1_int.wav
13,ultrasonic,ch1,int,192000,C:\Users\beatr\OneDrive\Desktop\Projeto_Brocas_AE\data\standardized\13\13_ultrasonic_ch1_int.wav
14,common,Tr1,ext,96000,C:\Users\beatr\OneDrive\Desktop\Projeto_Brocas_AE\data\standardized\14\14_common_Tr1_ext.wav
14,common,Tr2,ext,96000,C:\Users\beatr\OneDrive\Desktop\Projeto_Brocas_AE\data\standardized\14\14_common_Tr2_ext.wav
14,common,Tr3,ext,96000,C:\Users\beatr\OneDrive\Desktop\Projeto_Brocas_AE\data\standardized\14\14_common_Tr3_ext.wav
14,common,Tr4,int,96000,C:\Users\beatr\OneDrive\Desktop\Projeto_Brocas_AE\data\standardized\14\14_common_Tr4_int.wav
14,common,Tr5,int,96000,C:\Users\beatr\OneDrive\Desktop\Projeto_Brocas_AE\data\standardized\14\14_common_Tr5_int.wav
14,common,Tr6,int,96000,C:\Users\beatr\OneDrive\Desktop\Projeto_Brocas_AE\data\standardized\14\14_common_Tr6_int.wav
14,ultrasonic,ch1,int,192000,C:\Users\beatr\OneDrive\Desktop\Projeto_Brocas_AE\data\standardized\14\14_ultrasonic_ch1_int.wav
14,ultrasonic,ch1,int,192000,C:\Users\beatr\OneDrive\Desktop\Projeto_Brocas_AE\data\standardized\14\14_ultrasonic_ch1_int.wav
14,ultrasonic,ch1,int,192000,C:\Users\beatr\OneDrive\Desktop\Projeto_Brocas_AE\data\standardized\14\14_ultrasonic_ch1_int.wav
14,ultrasonic,ch1,int,192000,C:\Users\beatr\OneDrive\Desktop\Projeto_Brocas_AE\data\standardized\14\14_ultrasonic_ch1_int.wav
14,ultrasonic,ch1,int,192000,C:\Users\beatr\OneDrive\Desktop\Projeto_Brocas_AE\data\standardized\14\14_ultrasonic_ch1_int.wav
14,ultrasonic,ch1,int,192000,C:\Users\beatr\OneDrive\Desktop\Projeto_Brocas_AE\data\standardized\14\14_ultrasonic_ch1_int.wav
14,common,Tr1,ext,96000,C:\Users\beatr\OneDrive\Desktop\Projeto_Brocas_AE\data\standardized\14\14_common_Tr1_ext.wav
14,common,Tr2,ext,96000,C:\Users\beatr\OneDrive\Desktop\Projeto_Brocas_AE\data\standardized\14\14_common_Tr2_ext.wav
14,common,Tr3,ext,96000,C:\Users\beatr\OneDrive\Desktop\Projeto_Brocas_AE\data\standardized\14\14_common_Tr3_ext.wav
14,common,Tr4,int,96000,C:\Users\beatr\OneDrive\Desktop\Projeto_Brocas_AE\data\standardized\14\14_common_Tr4_int.wav
14,common,Tr5,int,96000,C:\Users\beatr\OneDrive\Desktop\Projeto_Brocas_AE\data\standardized\14\14_common_Tr5_int.wav
14,common,Tr6,int,96000,C:\Users\beatr\OneDrive\Desktop\Projeto_Brocas_AE\data\standardized\14\14_common_Tr6_int.wav
14,ultrasonic,ch1,int,192000,C:\Users\beatr\OneDrive\Desktop\Projeto_Brocas_AE\data\standardized\14\14_ultrasonic_ch1_int.wav
14,ultrasonic,ch1,int,192000,C:\Users\beatr\OneDrive\Desktop\Projeto_Brocas_AE\data\standardized\14\14_ultrasonic_ch1_int.wav
14,ultrasonic,ch1,int,192000,C:\Users\beatr\OneDrive\Desktop\Projeto_Brocas_AE\data\standardized\14\14_ultrasonic_ch1_int.wav
14,ultrasonic,ch1,int,192000,C:\Users\beatr\OneDrive\Desktop\Projeto_Brocas_AE\data\standardized\14\14_ultrasonic_ch1_int.wav
14,ultrasonic,ch1,int,192000,C:\Users\beatr\OneDrive\Desktop\Projeto_Brocas_AE\data\standardized\14\14_ultrasonic_ch1_int.wav
14,ultrasonic,ch1,int,192000,C:\Users\beatr\OneDrive\Desktop\Projeto_Brocas_AE\data\standardized\14\14_ultrasonic_ch1_int.wav
14,common,Tr1,ext,96000,C:\Users\beatr\OneDrive\Desktop\Projeto_Brocas_AE\data\standardized\14\14_common_Tr1_ext.wav
14,common,Tr2,ext,96000,C:\Users\beatr\OneDrive\Desktop\Projeto_Brocas_AE\data\standardized\14\14_common_Tr2_ext.wav
14,common,Tr3,ext,96000,C:\Users\beatr\OneDrive\Desktop\Projeto_Brocas_AE\data\standardized\14\14_common_Tr3_ext.wav
14,common,Tr4,int,96000,C:\Users\beatr\OneDrive\Desktop\Projeto_Brocas_AE\data\standardized\14\14_common_Tr4_int.wav
14,common,Tr5,int,96000,C:\Users\beatr\OneDrive\Desktop\Projeto_Brocas_AE\data\standardized\14\14_common_Tr5_int.wav
14,common,Tr6,int,96000,C:\Users\beatr\OneDrive\Desktop\Projeto_Brocas_AE\data\standardized\14\14_common_Tr6_int.wav
14,ultrasonic,ch1,int,192000,C:\Users\beatr\OneDrive\Desktop\Projeto_Brocas_AE\data\standardized\14\14_ultrasonic_ch1_int.wav
14,ultrasonic,ch1,int,192000,C:\Users\beatr\OneDrive\Desktop\Projeto_Brocas_AE\data\standardized\14\14_ultrasonic_ch1_int.wav
14,ultrasonic,ch1,int,192000,C:\Users\beatr\OneDrive\Desktop\Projeto_Brocas_AE\data\standardized\14\14_ultrasonic_ch1_int.wav
14,ultrasonic,ch1,int,192000,C:\Users\beatr\OneDrive\Desktop\Projeto_Brocas_AE\data\standardized\14\14_ultrasonic_ch1_int.wav
14,ultrasonic,ch1,int,192000,C:\Users\beatr\OneDrive\Desktop\Projeto_Brocas_AE\data\standardized\14\14_ultrasonic_ch1_int.wav
14,ultrasonic,ch1,int,192000,C:\Users\beatr\OneDrive\Desktop\Projeto_Brocas_AE\data\standardized\14\14_ultrasonic_ch1_int.wav
15,common,Tr1,ext,96000,C:\Users\beatr\OneDrive\Desktop\Projeto_Brocas_AE\data\standardized\15\15_common_Tr1_ext.wav
15,common,Tr2,ext,96000,C:\Users\beatr\OneDrive\Desktop\Projeto_Brocas_AE\data\standardized\15\15_common_Tr2_ext.wav
15,common,Tr3,ext,96000,C:\Users\beatr\OneDrive\Desktop\Projeto_Brocas_AE\data\standardized\15\15_common_Tr3_ext.wav
15,common,Tr4,int,96000,C:\Users\beatr\OneDrive\Desktop\Projeto_Brocas_AE\data\standardized\15\15_common_Tr4_int.wav
15,common,Tr5,int,96000,C:\Users\beatr\OneDrive\Desktop\Projeto_Brocas_AE\data\standardized\15\15_common_Tr5_int.wav
15,common,Tr6,int,96000,C:\Users\beatr\OneDrive\Desktop\Projeto_Brocas_AE\data\standardized\15\15_common_Tr6_int.wav
15,ultrasonic,ch1,int,192000,C:\Users\beatr\OneDrive\Desktop\Projeto_Brocas_AE\data\standardized\15\15_ultrasonic_ch1_int.wav
15,ultrasonic,ch1,int,192000,C:\Users\beatr\OneDrive\Desktop\Projeto_Brocas_AE\data\standardized\15\15_ultrasonic_ch1_int.wav
15,ultrasonic,ch1,int,192000,C:\Users\beatr\OneDrive\Desktop\Projeto_Brocas_AE\data\standardized\15\15_ultrasonic_ch1_int.wav
15,ultrasonic,ch1,int,192000,C:\Users\beatr\OneDrive\Desktop\Projeto_Brocas_AE\data\standardized\15\15_ultrasonic_ch1_int.wav
15,ultrasonic,ch1,int,192000,C:\Users\beatr\OneDrive\Desktop\Projeto_Brocas_AE\data\standardized\15\15_ultrasonic_ch1_int.wav
15,ultrasonic,ch1,int,192000,C:\Users\beatr\OneDrive\Desktop\Projeto_Brocas_AE\data\standardized\15\15_ultrasonic_ch1_int.wav
15,common,Tr1,ext,96000,C:\Users\beatr\OneDrive\Desktop\Projeto_Brocas_AE\data\standardized\15\15_common_Tr1_ext.wav
15,common,Tr2,ext,96000,C:\Users\beatr\OneDrive\Desktop\Projeto_Brocas_AE\data\standardized\15\15_common_Tr2_ext.wav
15,common,Tr3,ext,96000,C:\Users\beatr\OneDrive\Desktop\Projeto_Brocas_AE\data\standardized\15\15_common_Tr3_ext.wav
15,common,Tr4,int,96000,C:\Users\beatr\OneDrive\Desktop\Projeto_Brocas_AE\data\standardized\15\15_common_Tr4_int.wav
15,common,Tr5,int,96000,C:\Users\beatr\OneDrive\Desktop\Projeto_Brocas_AE\data\standardized\15\15_common_Tr5_int.wav
15,common,Tr6,int,96000,C:\Users\beatr\OneDrive\Desktop\Projeto_Brocas_AE\data\standardized\15\15_common_Tr6_int.wav
15,ultrasonic,ch1,int,192000,C:\Users\beatr\OneDrive\Desktop\Projeto_Brocas_AE\data\standardized\15\15_ultrasonic_ch1_int.wav
15,ultrasonic,ch1,int,192000,C:\Users\beatr\OneDrive\Desktop\Projeto_Brocas_AE\data\standardized\15\15_ultrasonic_ch1_int.wav
15,ultrasonic,ch1,int,192000,C:\Users\beatr\OneDrive\Desktop\Projeto_Brocas_AE\data\standardized\15\15_ultrasonic_ch1_int.wav
15,ultrasonic,ch1,int,192000,C:\Users\beatr\OneDrive\Desktop\Projeto_Brocas_AE\data\standardized\15\15_ultrasonic_ch1_int.wav
15,ultrasonic,ch1,int,192000,C:\Users\beatr\OneDrive\Desktop\Projeto_Brocas_AE\data\standardized\15\15_ultrasonic_ch1_int.wav
15,ultrasonic,ch1,int,192000,C:\Users\beatr\OneDrive\Desktop\Projeto_Brocas_AE\data\standardized\15\15_ultrasonic_ch1_int.wav
15,common,Tr1,ext,96000,C:\Users\beatr\OneDrive\Desktop\Projeto_Brocas_AE\data\standardized\15\15_common_Tr1_ext.wav
15,common,Tr2,ext,96000,C:\Users\beatr\OneDrive\Desktop\Projeto_Brocas_AE\data\standardized\15\15_common_Tr2_ext.wav
15,common,Tr3,ext,96000,C:\Users\beatr\OneDrive\Desktop\Projeto_Brocas_AE\data\standardized\15\15_common_Tr3_ext.wav
15,common,Tr4,int,96000,C:\Users\beatr\OneDrive\Desktop\Projeto_Brocas_AE\data\standardized\15\15_common_Tr4_int.wav
15,common,Tr5,int,96000,C:\Users\beatr\OneDrive\Desktop\Projeto_Brocas_AE\data\standardized\15\15_common_Tr5_int.wav
15,common,Tr6,int,96000,C:\Users\beatr\OneDrive\Desktop\Projeto_Brocas_AE\data\standardized\15\15_common_Tr6_int.wav
15,ultrasonic,ch1,int,192000,C:\Users\beatr\OneDrive\Desktop\Projeto_Brocas_AE\data\standardized\15\15_ultrasonic_ch1_int.wav
15,ultrasonic,ch1,int,192000,C:\Users\beatr\OneDrive\Desktop\Projeto_Brocas_AE\data\standardized\15\15_ultrasonic_ch1_int.wav
15,ultrasonic,ch1,int,192000,C:\Users\beatr\OneDrive\Desktop\Projeto_Brocas_AE\data\standardized\15\15_ultrasonic_ch1_int.wav
15,ultrasonic,ch1,int,192000,C:\Users\beatr\OneDrive\Desktop\Projeto_Brocas_AE\data\standardized\15\15_ultrasonic_ch1_int.wav
15,ultrasonic,ch1,int,192000,C:\Users\beatr\OneDrive\Desktop\Projeto_Brocas_AE\data\standardized\15\15_ultrasonic_ch1_int.wav
15,ultrasonic,ch1,int,192000,C:\Users\beatr\OneDrive\Desktop\Projeto_Brocas_AE\data\standardized\15\15_ultrasonic_ch1_int.wav
15,common,Tr1,ext,96000,C:\Users\beatr\OneDrive\Desktop\Projeto_Brocas_AE\data\standardized\15\15_common_Tr1_ext.wav
15,common,Tr2,ext,96000,C:\Users\beatr\OneDrive\Desktop\Projeto_Brocas_AE\data\standardized\15\15_common_Tr2_ext.wav
15,common,Tr3,ext,96000,C:\Users\beatr\OneDrive\Desktop\Projeto_Brocas_AE\data\standardized\15\15_common_Tr3_ext.wav
15,common,Tr4,int,96000,C:\Users\beatr\OneDrive\Desktop\Projeto_Brocas_AE\data\standardized\15\15_common_Tr4_int.wav
15,common,Tr5,int,96000,C:\Users\beatr\OneDrive\Desktop\Projeto_Brocas_AE\data\standardized\15\15_common_Tr5_int.wav
15,common,Tr6,int,96000,C:\Users\beatr\OneDrive\Desktop\Projeto_Brocas_AE\data\standardized\15\15_common_Tr6_int.wav
15,ultrasonic,ch1,int,192000,C:\Users\beatr\OneDrive\Desktop\Projeto_Brocas_AE\data\standardized\15\15_ultrasonic_ch1_int.wav
15,ultrasonic,ch1,int,192000,C:\Users\beatr\OneDrive\Desktop\Projeto_Brocas_AE\data\standardized\15\15_ultrasonic_ch1_int.wav
15,ultrasonic,ch1,int,192000,C:\Users\beatr\OneDrive\Desktop\Projeto_Brocas_AE\data\standardized\15\15_ultrasonic_ch1_int.wav
15,ultrasonic,ch1,int,192000,C:\Users\beatr\OneDrive\Desktop\Projeto_Brocas_AE\data\standardized\15\15_ultrasonic_ch1_int.wav
15,ultrasonic,ch1,int,192000,C:\Users\beatr\OneDrive\Desktop\Projeto_Brocas_AE\data\standardized\15\15_ultrasonic_ch1_int.wav
15,ultrasonic,ch1,int,192000,C:\Users\beatr\OneDrive\Desktop\Projeto_Brocas_AE\data\standardized\15\15_ultrasonic_ch1_int.wav
15,common,Tr1,ext,96000,C:\Users\beatr\OneDrive\Desktop\Projeto_Brocas_AE\data\standardized\15\15_common_Tr1_ext.wav
15,common,Tr2,ext,96000,C:\Users\beatr\OneDrive\Desktop\Projeto_Brocas_AE\data\standardized\15\15_common_Tr2_ext.wav
15,common,Tr3,ext,96000,C:\Users\beatr\OneDrive\Desktop\Projeto_Brocas_AE\data\standardized\15\15_common_Tr3_ext.wav
15,common,Tr4,int,96000,C:\Users\beatr\OneDrive\Desktop\Projeto_Brocas_AE\data\standardized\15\15_common_Tr4_int.wav
15,common,Tr5,int,96000,C:\Users\beatr\OneDrive\Desktop\Projeto_Brocas_AE\data\standardized\15\15_common_Tr5_int.wav
15,common,Tr6,int,96000,C:\Users\beatr\OneDrive\Desktop\Projeto_Brocas_AE\data\standardized\15\15_common_Tr6_int.wav
15,ultrasonic,ch1,int,192000,C:\Users\beatr\OneDrive\Desktop\Projeto_Brocas_AE\data\standardized\15\15_ultrasonic_ch1_int.wav
15,ultrasonic,ch1,int,192000,C:\Users\beatr\OneDrive\Desktop\Projeto_Brocas_AE\data\standardized\15\15_ultrasonic_ch1_int.wav
15,ultrasonic,ch1,int,192000,C:\Users\beatr\OneDrive\Desktop\Projeto_Brocas_AE\data\standardized\15\15_ultrasonic_ch1_int.wav
15,ultrasonic,ch1,int,192000,C:\Users\beatr\OneDrive\Desktop\Projeto_Brocas_AE\data\standardized\15\15_ultrasonic_ch1_int.wav
15,ultrasonic,ch1,int,192000,C:\Users\beatr\OneDrive\Desktop\Projeto_Brocas_AE\data\standardized\15\15_ultrasonic_ch1_int.wav
15,ultrasonic,ch1,int,192000,C:\Users\beatr\OneDrive\Desktop\Projeto_Brocas_AE\data\standardized\15\15_ultrasonic_ch1_int.wav
15,common,Tr1,ext,96000,C:\Users\beatr\OneDrive\Desktop\Projeto_Brocas_AE\data\standardized\15\15_common_Tr1_ext.wav
15,common,Tr2,ext,96000,C:\Users\beatr\OneDrive\Desktop\Projeto_Brocas_AE\data\standardized\15\15_common_Tr2_ext.wav
15,common,Tr3,ext,96000,C:\Users\beatr\OneDrive\Desktop\Projeto_Brocas_AE\data\standardized\15\15_common_Tr3_ext.wav
15,common,Tr4,int,96000,C:\Users\beatr\OneDrive\Desktop\Projeto_Brocas_AE\data\standardized\15\15_common_Tr4_int.wav
15,common,Tr5,int,96000,C:\Users\beatr\OneDrive\Desktop\Projeto_Brocas_AE\data\standardized\15\15_common_Tr5_int.wav
15,common,Tr6,int,96000,C:\Users\beatr\OneDrive\Desktop\Projeto_Brocas_AE\data\standardized\15\15_common_Tr6_int.wav
15,ultrasonic,ch1,int,192000,C:\Users\beatr\OneDrive\Desktop\Projeto_Brocas_AE\data\standardized\15\15_ultrasonic_ch1_int.wav
15,ultrasonic,ch1,int,192000,C:\Users\beatr\OneDrive\Desktop\Projeto_Brocas_AE\data\standardized\15\15_ultrasonic_ch1_int.wav
15,ultrasonic,ch1,int,192000,C:\Users\beatr\OneDrive\Desktop\Projeto_Brocas_AE\data\standardized\15\15_ultrasonic_ch1_int.wav
15,ultrasonic,ch1,int,192000,C:\Users\beatr\OneDrive\Desktop\Projeto_Brocas_AE\data\standardized\15\15_ultrasonic_ch1_int.wav
15,ultrasonic,ch1,int,192000,C:\Users\beatr\OneDrive\Desktop\Projeto_Brocas_AE\data\standardized\15\15_ultrasonic_ch1_int.wav
15,ultrasonic,ch1,int,192000,C:\Users\beatr\OneDrive\Desktop\Projeto_Brocas_AE\data\standardized\15\15_ultrasonic_ch1_int.wav
15,common,Tr1,ext,96000,C:\Users\beatr\OneDrive\Desktop\Projeto_Brocas_AE\data\standardized\15\15_common_Tr1_ext.wav
15,common,Tr2,ext,96000,C:\Users\beatr\OneDrive\Desktop\Projeto_Brocas_AE\data\standardized\15\15_common_Tr2_ext.wav
15,common,Tr3,ext,96000,C:\Users\beatr\OneDrive\Desktop\Projeto_Brocas_AE\data\standardized\15\15_common_Tr3_ext.wav
15,common,Tr4,int,96000,C:\Users\beatr\OneDrive\Desktop\Projeto_Brocas_AE\data\standardized\15\15_common_Tr4_int.wav
15,common,Tr5,int,96000,C:\Users\beatr\OneDrive\Desktop\Projeto_Brocas_AE\data\standardized\15\15_common_Tr5_int.wav
15,common,Tr6,int,96000,C:\Users\beatr\OneDrive\Desktop\Projeto_Brocas_AE\data\standardized\15\15_common_Tr6_int.wav
15,ultrasonic,ch1,int,192000,C:\Users\beatr\OneDrive\Desktop\Projeto_Brocas_AE\data\standardized\15\15_ultrasonic_ch1_int.wav
15,ultrasonic,ch1,int,192000,C:\Users\beatr\OneDrive\Desktop\Projeto_Brocas_AE\data\standardized\15\15_ultrasonic_ch1_int.wav
15,ultrasonic,ch1,int,192000,C:\Users\beatr\OneDrive\Desktop\Projeto_Brocas_AE\data\standardized\15\15_ultrasonic_ch1_int.wav
15,ultrasonic,ch1,int,192000,C:\Users\beatr\OneDrive\Desktop\Projeto_Brocas_AE\data\standardized\15\15_ultrasonic_ch1_int.wav
15,ultrasonic,ch1,int,192000,C:\Users\beatr\OneDrive\Desktop\Projeto_Brocas_AE\data\standardized\15\15_ultrasonic_ch1_int.wav
15,ultrasonic,ch1,int,192000,C:\Users\beatr\OneDrive\Desktop\Projeto_Brocas_AE\data\standardized\15\15_ultrasonic_ch1_int.wav
15,common,Tr1,ext,96000,C:\Users\beatr\OneDrive\Desktop\Projeto_Brocas_AE\data\standardized\15\15_common_Tr1_ext.wav
15,common,Tr2,ext,96000,C:\Users\beatr\OneDrive\Desktop\Projeto_Brocas_AE\data\standardized\15\15_common_Tr2_ext.wav
15,common,Tr3,ext,96000,C:\Users\beatr\OneDrive\Desktop\Projeto_Brocas_AE\data\standardized\15\15_common_Tr3_ext.wav
15,common,Tr4,int,96000,C:\Users\beatr\OneDrive\Desktop\Projeto_Brocas_AE\data\standardized\15\15_common_Tr4_int.wav
15,common,Tr5,int,96000,C:\Users\beatr\OneDrive\Desktop\Projeto_Brocas_AE\data\standardized\15\15_common_Tr5_int.wav
15,common,Tr6,int,96000,C:\Users\beatr\OneDrive\Desktop\Projeto_Brocas_AE\data\standardized\15\15_common_Tr6_int.wav
15,ultrasonic,ch1,int,192000,C:\Users\beatr\OneDrive\Desktop\Projeto_Brocas_AE\data\standardized\15\15_ultrasonic_ch1_int.wav
15,ultrasonic,ch1,int,192000,C:\Users\beatr\OneDrive\Desktop\Projeto_Brocas_AE\data\standardized\15\15_ultrasonic_ch1_int.wav
15,ultrasonic,ch1,int,192000,C:\Users\beatr\OneDrive\Desktop\Projeto_Brocas_AE\data\standardized\15\15_ultrasonic_ch1_int.wav
15,ultrasonic,ch1,int,192000,C:\Users\beatr\OneDrive\Desktop\Projeto_Brocas_AE\data\standardized\15\15_ultrasonic_ch1_int.wav
15,ultrasonic,ch1,int,192000,C:\Users\beatr\OneDrive\Desktop\Projeto_Brocas_AE\data\standardized\15\15_ultrasonic_ch1_int.wav
15,ultrasonic,ch1,int,192000,C:\Users\beatr\OneDrive\Desktop\Projeto_Brocas_AE\data\standardized\15\15_ultrasonic_ch1_int.wav
15,common,Tr1,ext,96000,C:\Users\beatr\OneDrive\Desktop\Projeto_Brocas_AE\data\standardized\15\15_common_Tr1_ext.wav
15,common,Tr2,ext,96000,C:\Users\beatr\OneDrive\Desktop\Projeto_Brocas_AE\data\standardized\15\15_common_Tr2_ext.wav
15,common,Tr3,ext,96000,C:\Users\beatr\OneDrive\Desktop\Projeto_Brocas_AE\data\standardized\15\15_common_Tr3_ext.wav
15,common,Tr4,int,96000,C:\Users\beatr\OneDrive\Desktop\Projeto_Brocas_AE\data\standardized\15\15_common_Tr4_int.wav
15,common,Tr5,int,96000,C:\Users\beatr\OneDrive\Desktop\Projeto_Brocas_AE\data\standardized\15\15_common_Tr5_int.wav
15,common,Tr6,int,96000,C:\Users\beatr\OneDrive\Desktop\Projeto_Brocas_AE\data\standardized\15\15_common_Tr6_int.wav
15,ultrasonic,ch1,int,192000,C:\Users\beatr\OneDrive\Desktop\Projeto_Brocas_AE\data\standardized\15\15_ultrasonic_ch1_int.wav
15,ultrasonic,ch1,int,192000,C:\Users\beatr\OneDrive\Desktop\Projeto_Brocas_AE\data\standardized\15\15_ultrasonic_ch1_int.wav
15,ultrasonic,ch1,int,192000,C:\Users\beatr\OneDrive\Desktop\Projeto_Brocas_AE\data\standardized\15\15_ultrasonic_ch1_int.wav
15,ultrasonic,ch1,int,192000,C:\Users\beatr\OneDrive\Desktop\Projeto_Brocas_AE\data\standardized\15\15_ultrasonic_ch1_int.wav
15,ultrasonic,ch1,int,192000,C:\Users\beatr\OneDrive\Desktop\Projeto_Brocas_AE\data\standardized\15\15_ultrasonic_ch1_int.wav
15,ultrasonic,ch1,int,192000,C:\Users\beatr\OneDrive\Desktop\Projeto_Brocas_AE\data\standardized\15\15_ultrasonic_ch1_int.wav
16,common,Tr1,ext,96000,C:\Users\beatr\OneDrive\Desktop\Projeto_Brocas_AE\data\standardized\16\16_common_Tr1_ext.wav
16,common,Tr2,ext,96000,C:\Users\beatr\OneDrive\Desktop\Projeto_Brocas_AE\data\standardized\16\16_common_Tr2_ext.wav
16,common,Tr3,ext,96000,C:\Users\beatr\OneDrive\Desktop\Projeto_Brocas_AE\data\standardized\16\16_common_Tr3_ext.wav
16,common,Tr4,int,96000,C:\Users\beatr\OneDrive\Desktop\Projeto_Brocas_AE\data\standardized\16\16_common_Tr4_int.wav
16,common,Tr5,int,96000,C:\Users\beatr\OneDrive\Desktop\Projeto_Brocas_AE\data\standardized\16\16_common_Tr5_int.wav
16,common,Tr6,int,96000,C:\Users\beatr\OneDrive\Desktop\Projeto_Brocas_AE\data\standardized\16\16_common_Tr6_int.wav
16,ultrasonic,ch1,int,192000,C:\Users\beatr\OneDrive\Desktop\Projeto_Brocas_AE\data\standardized\16\16_ultrasonic_ch1_int.wav
16,ultrasonic,ch1,int,192000,C:\Users\beatr\OneDrive\Desktop\Projeto_Brocas_AE\data\standardized\16\16_ultrasonic_ch1_int.wav
16,ultrasonic,ch1,int,192000,C:\Users\beatr\OneDrive\Desktop\Projeto_Brocas_AE\data\standardized\16\16_ultrasonic_ch1_int.wav
16,ultrasonic,ch1,int,192000,C:\Users\beatr\OneDrive\Desktop\Projeto_Brocas_AE\data\standardized\16\16_ultrasonic_ch1_int.wav
16,ultrasonic,ch1,int,192000,C:\Users\beatr\OneDrive\Desktop\Projeto_Brocas_AE\data\standardized\16\16_ultrasonic_ch1_int.wav
16,ultrasonic,ch1,int,192000,C:\Users\beatr\OneDrive\Desktop\Projeto_Brocas_AE\data\standardized\16\16_ultrasonic_ch1_int.wav
16,common,Tr1,ext,96000,C:\Users\beatr\OneDrive\Desktop\Projeto_Brocas_AE\data\standardized\16\16_common_Tr1_ext.wav
16,common,Tr2,ext,96000,C:\Users\beatr\OneDrive\Desktop\Projeto_Brocas_AE\data\standardized\16\16_common_Tr2_ext.wav
16,common,Tr3,ext,96000,C:\Users\beatr\OneDrive\Desktop\Projeto_Brocas_AE\data\standardized\16\16_common_Tr3_ext.wav
16,common,Tr4,int,96000,C:\Users\beatr\OneDrive\Desktop\Projeto_Brocas_AE\data\standardized\16\16_common_Tr4_int.wav
16,common,Tr5,int,96000,C:\Users\beatr\OneDrive\Desktop\Projeto_Brocas_AE\data\standardized\16\16_common_Tr5_int.wav
16,common,Tr6,int,96000,C:\Users\beatr\OneDrive\Desktop\Projeto_Brocas_AE\data\standardized\16\16_common_Tr6_int.wav
16,ultrasonic,ch1,int,192000,C:\Users\beatr\OneDrive\Desktop\Projeto_Brocas_AE\data\standardized\16\16_ultrasonic_ch1_int.wav
16,ultrasonic,ch1,int,192000,C:\Users\beatr\OneDrive\Desktop\Projeto_Brocas_AE\data\standardized\16\16_ultrasonic_ch1_int.wav
16,ultrasonic,ch1,int,192000,C:\Users\beatr\OneDrive\Desktop\Projeto_Brocas_AE\data\standardized\16\16_ultrasonic_ch1_int.wav
16,ultrasonic,ch1,int,192000,C:\Users\beatr\OneDrive\Desktop\Projeto_Brocas_AE\data\standardized\16\16_ultrasonic_ch1_int.wav
16,ultrasonic,ch1,int,192000,C:\Users\beatr\OneDrive\Desktop\Projeto_Brocas_AE\data\standardized\16\16_ultrasonic_ch1_int.wav
16,ultrasonic,ch1,int,192000,C:\Users\beatr\OneDrive\Desktop\Projeto_Brocas_AE\data\standardized\16\16_ultrasonic_ch1_int.wav
16,common,Tr1,ext,96000,C:\Users\beatr\OneDrive\Desktop\Projeto_Brocas_AE\data\standardized\16\16_common_Tr1_ext.wav
16,common,Tr2,ext,96000,C:\Users\beatr\OneDrive\Desktop\Projeto_Brocas_AE\data\standardized\16\16_common_Tr2_ext.wav
16,common,Tr3,ext,96000,C:\Users\beatr\OneDrive\Desktop\Projeto_Brocas_AE\data\standardized\16\16_common_Tr3_ext.wav
16,common,Tr4,int,96000,C:\Users\beatr\OneDrive\Desktop\Projeto_Brocas_AE\data\standardized\16\16_common_Tr4_int.wav
16,common,Tr5,int,96000,C:\Users\beatr\OneDrive\Desktop\Projeto_Brocas_AE\data\standardized\16\16_common_Tr5_int.wav
16,common,Tr6,int,96000,C:\Users\beatr\OneDrive\Desktop\Projeto_Brocas_AE\data\standardized\16\16_common_Tr6_int.wav
16,ultrasonic,ch1,int,192000,C:\Users\beatr\OneDrive\Desktop\Projeto_Brocas_AE\data\standardized\16\16_ultrasonic_ch1_int.wav
16,ultrasonic,ch1,int,192000,C:\Users\beatr\OneDrive\Desktop\Projeto_Brocas_AE\data\standardized\16\16_ultrasonic_ch1_int.wav
16,ultrasonic,ch1,int,192000,C:\Users\beatr\OneDrive\Desktop\Projeto_Brocas_AE\data\standardized\16\16_ultrasonic_ch1_int.wav
16,ultrasonic,ch1,int,192000,C:\Users\beatr\OneDrive\Desktop\Projeto_Brocas_AE\data\standardized\16\16_ultrasonic_ch1_int.wav
16,ultrasonic,ch1,int,192000,C:\Users\beatr\OneDrive\Desktop\Projeto_Brocas_AE\data\standardized\16\16_ultrasonic_ch1_int.wav
16,ultrasonic,ch1,int,192000,C:\Users\beatr\OneDrive\Desktop\Projeto_Brocas_AE\data\standardized\16\16_ultrasonic_ch1_int.wav
16,common,Tr1,ext,96000,C:\Users\beatr\OneDrive\Desktop\Projeto_Brocas_AE\data\standardized\16\16_common_Tr1_ext.wav
16,common,Tr2,ext,96000,C:\Users\beatr\OneDrive\Desktop\Projeto_Brocas_AE\data\standardized\16\16_common_Tr2_ext.wav
16,common,Tr3,ext,96000,C:\Users\beatr\OneDrive\Desktop\Projeto_Brocas_AE\data\standardized\16\16_common_Tr3_ext.wav
16,common,Tr4,int,96000,C:\Users\beatr\OneDrive\Desktop\Projeto_Brocas_AE\data\standardized\16\16_common_Tr4_int.wav
16,common,Tr5,int,96000,C:\Users\beatr\OneDrive\Desktop\Projeto_Brocas_AE\data\standardized\16\16_common_Tr5_int.wav
16,common,Tr6,int,96000,C:\Users\beatr\OneDrive\Desktop\Projeto_Brocas_AE\data\standardized\16\16_common_Tr6_int.wav
16,ultrasonic,ch1,int,192000,C:\Users\beatr\OneDrive\Desktop\Projeto_Brocas_AE\data\standardized\16\16_ultrasonic_ch1_int.wav
16,ultrasonic,ch1,int,192000,C:\Users\beatr\OneDrive\Desktop\Projeto_Brocas_AE\data\standardized\16\16_ultrasonic_ch1_int.wav
16,ultrasonic,ch1,int,192000,C:\Users\beatr\OneDrive\Desktop\Projeto_Brocas_AE\data\standardized\16\16_ultrasonic_ch1_int.wav
16,ultrasonic,ch1,int,192000,C:\Users\beatr\OneDrive\Desktop\Projeto_Brocas_AE\data\standardized\16\16_ultrasonic_ch1_int.wav
16,ultrasonic,ch1,int,192000,C:\Users\beatr\OneDrive\Desktop\Projeto_Brocas_AE\data\standardized\16\16_ultrasonic_ch1_int.wav
16,ultrasonic,ch1,int,192000,C:\Users\beatr\OneDrive\Desktop\Projeto_Brocas_AE\data\standardized\16\16_ultrasonic_ch1_int.wav
16,common,Tr1,ext,96000,C:\Users\beatr\OneDrive\Desktop\Projeto_Brocas_AE\data\standardized\16\16_common_Tr1_ext.wav
16,common,Tr2,ext,96000,C:\Users\beatr\OneDrive\Desktop\Projeto_Brocas_AE\data\standardized\16\16_common_Tr2_ext.wav
16,common,Tr3,ext,96000,C:\Users\beatr\OneDrive\Desktop\Projeto_Brocas_AE\data\standardized\16\16_common_Tr3_ext.wav
16,common,Tr4,int,96000,C:\Users\beatr\OneDrive\Desktop\Projeto_Brocas_AE\data\standardized\16\16_common_Tr4_int.wav
16,common,Tr5,int,96000,C:\Users\beatr\OneDrive\Desktop\Projeto_Brocas_AE\data\standardized\16\16_common_Tr5_int.wav
16,common,Tr6,int,96000,C:\Users\beatr\OneDrive\Desktop\Projeto_Brocas_AE\data\standardized\16\16_common_Tr6_int.wav
16,ultrasonic,ch1,int,192000,C:\Users\beatr\OneDrive\Desktop\Projeto_Brocas_AE\data\standardized\16\16_ultrasonic_ch1_int.wav
16,ultrasonic,ch1,int,192000,C:\Users\beatr\OneDrive\Desktop\Projeto_Brocas_AE\data\standardized\16\16_ultrasonic_ch1_int.wav
16,ultrasonic,ch1,int,192000,C:\Users\beatr\OneDrive\Desktop\Projeto_Brocas_AE\data\standardized\16\16_ultrasonic_ch1_int.wav
16,ultrasonic,ch1,int,192000,C:\Users\beatr\OneDrive\Desktop\Projeto_Brocas_AE\data\standardized\16\16_ultrasonic_ch1_int.wav
16,ultrasonic,ch1,int,192000,C:\Users\beatr\OneDrive\Desktop\Projeto_Brocas_AE\data\standardized\16\16_ultrasonic_ch1_int.wav
16,ultrasonic,ch1,int,192000,C:\Users\beatr\OneDrive\Desktop\Projeto_Brocas_AE\data\standardized\16\16_ultrasonic_ch1_int.wav
16,common,Tr1,ext,96000,C:\Users\beatr\OneDrive\Desktop\Projeto_Brocas_AE\data\standardized\16\16_common_Tr1_ext.wav
16,common,Tr2,ext,96000,C:\Users\beatr\OneDrive\Desktop\Projeto_Brocas_AE\data\standardized\16\16_common_Tr2_ext.wav
16,common,Tr3,ext,96000,C:\Users\beatr\OneDrive\Desktop\Projeto_Brocas_AE\data\standardized\16\16_common_Tr3_ext.wav
16,common,Tr4,int,96000,C:\Users\beatr\OneDrive\Desktop\Projeto_Brocas_AE\data\standardized\16\16_common_Tr4_int.wav
16,common,Tr5,int,96000,C:\Users\beatr\OneDrive\Desktop\Projeto_Brocas_AE\data\standardized\16\16_common_Tr5_int.wav
16,common,Tr6,int,96000,C:\Users\beatr\OneDrive\Desktop\Projeto_Brocas_AE\data\standardized\16\16_common_Tr6_int.wav
16,ultrasonic,ch1,int,192000,C:\Users\beatr\OneDrive\Desktop\Projeto_Brocas_AE\data\standardized\16\16_ultrasonic_ch1_int.wav
16,ultrasonic,ch1,int,192000,C:\Users\beatr\OneDrive\Desktop\Projeto_Brocas_AE\data\standardized\16\16_ultrasonic_ch1_int.wav
16,ultrasonic,ch1,int,192000,C:\Users\beatr\OneDrive\Desktop\Projeto_Brocas_AE\data\standardized\16\16_ultrasonic_ch1_int.wav
16,ultrasonic,ch1,int,192000,C:\Users\beatr\OneDrive\Desktop\Projeto_Brocas_AE\data\standardized\16\16_ultrasonic_ch1_int.wav
16,ultrasonic,ch1,int,192000,C:\Users\beatr\OneDrive\Desktop\Projeto_Brocas_AE\data\standardized\16\16_ultrasonic_ch1_int.wav
16,ultrasonic,ch1,int,192000,C:\Users\beatr\OneDrive\Desktop\Projeto_Brocas_AE\data\standardized\16\16_ultrasonic_ch1_int.wav
16,common,Tr1,ext,96000,C:\Users\beatr\OneDrive\Desktop\Projeto_Brocas_AE\data\standardized\16\16_common_Tr1_ext.wav
16,common,Tr2,ext,96000,C:\Users\beatr\OneDrive\Desktop\Projeto_Brocas_AE\data\standardized\16\16_common_Tr2_ext.wav
16,common,Tr3,ext,96000,C:\Users\beatr\OneDrive\Desktop\Projeto_Brocas_AE\data\standardized\16\16_common_Tr3_ext.wav
16,common,Tr4,int,96000,C:\Users\beatr\OneDrive\Desktop\Projeto_Brocas_AE\data\standardized\16\16_common_Tr4_int.wav
16,common,Tr5,int,96000,C:\Users\beatr\OneDrive\Desktop\Projeto_Brocas_AE\data\standardized\16\16_common_Tr5_int.wav
16,common,Tr6,int,96000,C:\Users\beatr\OneDrive\Desktop\Projeto_Brocas_AE\data\standardized\16\16_common_Tr6_int.wav
16,ultrasonic,ch1,int,192000,C:\Users\beatr\OneDrive\Desktop\Projeto_Brocas_AE\data\standardized\16\16_ultrasonic_ch1_int.wav
16,ultrasonic,ch1,int,192000,C:\Users\beatr\OneDrive\Desktop\Projeto_Brocas_AE\data\standardized\16\16_ultrasonic_ch1_int.wav
16,ultrasonic,ch1,int,192000,C:\Users\beatr\OneDrive\Desktop\Projeto_Brocas_AE\data\standardized\16\16_ultrasonic_ch1_int.wav
16,ultrasonic,ch1,int,192000,C:\Users\beatr\OneDrive\Desktop\Projeto_Brocas_AE\data\standardized\16\16_ultrasonic_ch1_int.wav
16,ultrasonic,ch1,int,192000,C:\Users\beatr\OneDrive\Desktop\Projeto_Brocas_AE\data\standardized\16\16_ultrasonic_ch1_int.wav
16,ultrasonic,ch1,int,192000,C:\Users\beatr\OneDrive\Desktop\Projeto_Brocas_AE\data\standardized\16\16_ultrasonic_ch1_int.wav
17,common,Tr1,ext,96000,C:\Users\beatr\OneDrive\Desktop\Projeto_Brocas_AE\data\standardized\17\17_common_Tr1_ext.wav
17,common,Tr2,ext,96000,C:\Users\beatr\OneDrive\Desktop\Projeto_Brocas_AE\data\standardized\17\17_common_Tr2_ext.wav
17,common,Tr3,ext,96000,C:\Users\beatr\OneDrive\Desktop\Projeto_Brocas_AE\data\standardized\17\17_common_Tr3_ext.wav
17,common,Tr4,int,96000,C:\Users\beatr\OneDrive\Desktop\Projeto_Brocas_AE\data\standardized\17\17_common_Tr4_int.wav
17,common,Tr5,int,96000,C:\Users\beatr\OneDrive\Desktop\Projeto_Brocas_AE\data\standardized\17\17_common_Tr5_int.wav
17,common,Tr6,int,96000,C:\Users\beatr\OneDrive\Desktop\Projeto_Brocas_AE\data\standardized\17\17_common_Tr6_int.wav
17,ultrasonic,ch1,int,192000,C:\Users\beatr\OneDrive\Desktop\Projeto_Brocas_AE\data\standardized\17\17_ultrasonic_ch1_int.wav
17,ultrasonic,ch1,int,192000,C:\Users\beatr\OneDrive\Desktop\Projeto_Brocas_AE\data\standardized\17\17_ultrasonic_ch1_int.wav
17,ultrasonic,ch1,int,192000,C:\Users\beatr\OneDrive\Desktop\Projeto_Brocas_AE\data\standardized\17\17_ultrasonic_ch1_int.wav
17,ultrasonic,ch1,int,192000,C:\Users\beatr\OneDrive\Desktop\Projeto_Brocas_AE\data\standardized\17\17_ultrasonic_ch1_int.wav
17,ultrasonic,ch1,int,192000,C:\Users\beatr\OneDrive\Desktop\Projeto_Brocas_AE\data\standardized\17\17_ultrasonic_ch1_int.wav
17,ultrasonic,ch1,int,192000,C:\Users\beatr\OneDrive\Desktop\Projeto_Brocas_AE\data\standardized\17\17_ultrasonic_ch1_int.wav
17,common,Tr1,ext,96000,C:\Users\beatr\OneDrive\Desktop\Projeto_Brocas_AE\data\standardized\17\17_common_Tr1_ext.wav
17,common,Tr2,ext,96000,C:\Users\beatr\OneDrive\Desktop\Projeto_Brocas_AE\data\standardized\17\17_common_Tr2_ext.wav
17,common,Tr3,ext,96000,C:\Users\beatr\OneDrive\Desktop\Projeto_Brocas_AE\data\standardized\17\17_common_Tr3_ext.wav
17,common,Tr4,int,96000,C:\Users\beatr\OneDrive\Desktop\Projeto_Brocas_AE\data\standardized\17\17_common_Tr4_int.wav
17,common,Tr5,int,96000,C:\Users\beatr\OneDrive\Desktop\Projeto_Brocas_AE\data\standardized\17\17_common_Tr5_int.wav
17,common,Tr6,int,96000,C:\Users\beatr\OneDrive\Desktop\Projeto_Brocas_AE\data\standardized\17\17_common_Tr6_int.wav
17,ultrasonic,ch1,int,192000,C:\Users\beatr\OneDrive\Desktop\Projeto_Brocas_AE\data\standardized\17\17_ultrasonic_ch1_int.wav
17,ultrasonic,ch1,int,192000,C:\Users\beatr\OneDrive\Desktop\Projeto_Brocas_AE\data\standardized\17\17_ultrasonic_ch1_int.wav
17,ultrasonic,ch1,int,192000,C:\Users\beatr\OneDrive\Desktop\Projeto_Brocas_AE\data\standardized\17\17_ultrasonic_ch1_int.wav
17,ultrasonic,ch1,int,192000,C:\Users\beatr\OneDrive\Desktop\Projeto_Brocas_AE\data\standardized\17\17_ultrasonic_ch1_int.wav
17,ultrasonic,ch1,int,192000,C:\Users\beatr\OneDrive\Desktop\Projeto_Brocas_AE\data\standardized\17\17_ultrasonic_ch1_int.wav
17,ultrasonic,ch1,int,192000,C:\Users\beatr\OneDrive\Desktop\Projeto_Brocas_AE\data\standardized\17\17_ultrasonic_ch1_int.wav
17,common,Tr1,ext,96000,C:\Users\beatr\OneDrive\Desktop\Projeto_Brocas_AE\data\standardized\17\17_common_Tr1_ext.wav
17,common,Tr2,ext,96000,C:\Users\beatr\OneDrive\Desktop\Projeto_Brocas_AE\data\standardized\17\17_common_Tr2_ext.wav
17,common,Tr3,ext,96000,C:\Users\beatr\OneDrive\Desktop\Projeto_Brocas_AE\data\standardized\17\17_common_Tr3_ext.wav
17,common,Tr4,int,96000,C:\Users\beatr\OneDrive\Desktop\Projeto_Brocas_AE\data\standardized\17\17_common_Tr4_int.wav
17,common,Tr5,int,96000,C:\Users\beatr\OneDrive\Desktop\Projeto_Brocas_AE\data\standardized\17\17_common_Tr5_int.wav
17,common,Tr6,int,96000,C:\Users\beatr\OneDrive\Desktop\Projeto_Brocas_AE\data\standardized\17\17_common_Tr6_int.wav
17,ultrasonic,ch1,int,192000,C:\Users\beatr\OneDrive\Desktop\Projeto_Brocas_AE\data\standardized\17\17_ultrasonic_ch1_int.wav
17,ultrasonic,ch1,int,192000,C:\Users\beatr\OneDrive\Desktop\Projeto_Brocas_AE\data\standardized\17\17_ultrasonic_ch1_int.wav
17,ultrasonic,ch1,int,192000,C:\Users\beatr\OneDrive\Desktop\Projeto_Brocas_AE\data\standardized\17\17_ultrasonic_ch1_int.wav
17,ultrasonic,ch1,int,192000,C:\Users\beatr\OneDrive\Desktop\Projeto_Brocas_AE\data\standardized\17\17_ultrasonic_ch1_int.wav
17,ultrasonic,ch1,int,192000,C:\Users\beatr\OneDrive\Desktop\Projeto_Brocas_AE\data\standardized\17\17_ultrasonic_ch1_int.wav
17,ultrasonic,ch1,int,192000,C:\Users\beatr\OneDrive\Desktop\Projeto_Brocas_AE\data\standardized\17\17_ultrasonic_ch1_int.wav
17,common,Tr1,ext,96000,C:\Users\beatr\OneDrive\Desktop\Projeto_Brocas_AE\data\standardized\17\17_common_Tr1_ext.wav
17,common,Tr2,ext,96000,C:\Users\beatr\OneDrive\Desktop\Projeto_Brocas_AE\data\standardized\17\17_common_Tr2_ext.wav
17,common,Tr3,ext,96000,C:\Users\beatr\OneDrive\Desktop\Projeto_Brocas_AE\data\standardized\17\17_common_Tr3_ext.wav
17,common,Tr4,int,96000,C:\Users\beatr\OneDrive\Desktop\Projeto_Brocas_AE\data\standardized\17\17_common_Tr4_int.wav
17,common,Tr5,int,96000,C:\Users\beatr\OneDrive\Desktop\Projeto_Brocas_AE\data\standardized\17\17_common_Tr5_int.wav
17,common,Tr6,int,96000,C:\Users\beatr\OneDrive\Desktop\Projeto_Brocas_AE\data\standardized\17\17_common_Tr6_int.wav
17,ultrasonic,ch1,int,192000,C:\Users\beatr\OneDrive\Desktop\Projeto_Brocas_AE\data\standardized\17\17_ultrasonic_ch1_int.wav
17,ultrasonic,ch1,int,192000,C:\Users\beatr\OneDrive\Desktop\Projeto_Brocas_AE\data\standardized\17\17_ultrasonic_ch1_int.wav
17,ultrasonic,ch1,int,192000,C:\Users\beatr\OneDrive\Desktop\Projeto_Brocas_AE\data\standardized\17\17_ultrasonic_ch1_int.wav
17,ultrasonic,ch1,int,192000,C:\Users\beatr\OneDrive\Desktop\Projeto_Brocas_AE\data\standardized\17\17_ultrasonic_ch1_int.wav
17,ultrasonic,ch1,int,192000,C:\Users\beatr\OneDrive\Desktop\Projeto_Brocas_AE\data\standardized\17\17_ultrasonic_ch1_int.wav
17,ultrasonic,ch1,int,192000,C:\Users\beatr\OneDrive\Desktop\Projeto_Brocas_AE\data\standardized\17\17_ultrasonic_ch1_int.wav
17,common,Tr1,ext,96000,C:\Users\beatr\OneDrive\Desktop\Projeto_Brocas_AE\data\standardized\17\17_common_Tr1_ext.wav
17,common,Tr2,ext,96000,C:\Users\beatr\OneDrive\Desktop\Projeto_Brocas_AE\data\standardized\17\17_common_Tr2_ext.wav
17,common,Tr3,ext,96000,C:\Users\beatr\OneDrive\Desktop\Projeto_Brocas_AE\data\standardized\17\17_common_Tr3_ext.wav
17,common,Tr4,int,96000,C:\Users\beatr\OneDrive\Desktop\Projeto_Brocas_AE\data\standardized\17\17_common_Tr4_int.wav
17,common,Tr5,int,96000,C:\Users\beatr\OneDrive\Desktop\Projeto_Brocas_AE\data\standardized\17\17_common_Tr5_int.wav
17,common,Tr6,int,96000,C:\Users\beatr\OneDrive\Desktop\Projeto_Brocas_AE\data\standardized\17\17_common_Tr6_int.wav
17,ultrasonic,ch1,int,192000,C:\Users\beatr\OneDrive\Desktop\Projeto_Brocas_AE\data\standardized\17\17_ultrasonic_ch1_int.wav
17,ultrasonic,ch1,int,192000,C:\Users\beatr\OneDrive\Desktop\Projeto_Brocas_AE\data\standardized\17\17_ultrasonic_ch1_int.wav
17,ultrasonic,ch1,int,192000,C:\Users\beatr\OneDrive\Desktop\Projeto_Brocas_AE\data\standardized\17\17_ultrasonic_ch1_int.wav
17,ultrasonic,ch1,int,192000,C:\Users\beatr\OneDrive\Desktop\Projeto_Brocas_AE\data\standardized\17\17_ultrasonic_ch1_int.wav
17,ultrasonic,ch1,int,192000,C:\Users\beatr\OneDrive\Desktop\Projeto_Brocas_AE\data\standardized\17\17_ultrasonic_ch1_int.wav
17,ultrasonic,ch1,int,192000,C:\Users\beatr\OneDrive\Desktop\Projeto_Brocas_AE\data\standardized\17\17_ultrasonic_ch1_int.wav
17,common,Tr1,ext,96000,C:\Users\beatr\OneDrive\Desktop\Projeto_Brocas_AE\data\standardized\17\17_common_Tr1_ext.wav
17,common,Tr2,ext,96000,C:\Users\beatr\OneDrive\Desktop\Projeto_Brocas_AE\data\standardized\17\17_common_Tr2_ext.wav
17,common,Tr3,ext,96000,C:\Users\beatr\OneDrive\Desktop\Projeto_Brocas_AE\data\standardized\17\17_common_Tr3_ext.wav
17,common,Tr4,int,96000,C:\Users\beatr\OneDrive\Desktop\Projeto_Brocas_AE\data\standardized\17\17_common_Tr4_int.wav
17,common,Tr5,int,96000,C:\Users\beatr\OneDrive\Desktop\Projeto_Brocas_AE\data\standardized\17\17_common_Tr5_int.wav
17,common,Tr6,int,96000,C:\Users\beatr\OneDrive\Desktop\Projeto_Brocas_AE\data\standardized\17\17_common_Tr6_int.wav
17,ultrasonic,ch1,int,192000,C:\Users\beatr\OneDrive\Desktop\Projeto_Brocas_AE\data\standardized\17\17_ultrasonic_ch1_int.wav
17,ultrasonic,ch1,int,192000,C:\Users\beatr\OneDrive\Desktop\Projeto_Brocas_AE\data\standardized\17\17_ultrasonic_ch1_int.wav
17,ultrasonic,ch1,int,192000,C:\Users\beatr\OneDrive\Desktop\Projeto_Brocas_AE\data\standardized\17\17_ultrasonic_ch1_int.wav
17,ultrasonic,ch1,int,192000,C:\Users\beatr\OneDrive\Desktop\Projeto_Brocas_AE\data\standardized\17\17_ultrasonic_ch1_int.wav
17,ultrasonic,ch1,int,192000,C:\Users\beatr\OneDrive\Desktop\Projeto_Brocas_AE\data\standardized\17\17_ultrasonic_ch1_int.wav
17,ultrasonic,ch1,int,192000,C:\Users\beatr\OneDrive\Desktop\Projeto_Brocas_AE\data\standardized\17\17_ultrasonic_ch1_int.wav
18,common,Tr1,ext,96000,C:\Users\beatr\OneDrive\Desktop\Projeto_Brocas_AE\data\standardized\18\18_common_Tr1_ext.wav
18,common,Tr2,ext,96000,C:\Users\beatr\OneDrive\Desktop\Projeto_Brocas_AE\data\standardized\18\18_common_Tr2_ext.wav
18,common,Tr3,ext,96000,C:\Users\beatr\OneDrive\Desktop\Projeto_Brocas_AE\data\standardized\18\18_common_Tr3_ext.wav
18,common,Tr4,int,96000,C:\Users\beatr\OneDrive\Desktop\Projeto_Brocas_AE\data\standardized\18\18_common_Tr4_int.wav
18,common,Tr5,int,96000,C:\Users\beatr\OneDrive\Desktop\Projeto_Brocas_AE\data\standardized\18\18_common_Tr5_int.wav
18,common,Tr6,int,96000,C:\Users\beatr\OneDrive\Desktop\Projeto_Brocas_AE\data\standardized\18\18_common_Tr6_int.wav
18,ultrasonic,ch1,int,192000,C:\Users\beatr\OneDrive\Desktop\Projeto_Brocas_AE\data\standardized\18\18_ultrasonic_ch1_int.wav
18,ultrasonic,ch1,int,192000,C:\Users\beatr\OneDrive\Desktop\Projeto_Brocas_AE\data\standardized\18\18_ultrasonic_ch1_int.wav
18,ultrasonic,ch1,int,192000,C:\Users\beatr\OneDrive\Desktop\Projeto_Brocas_AE\data\standardized\18\18_ultrasonic_ch1_int.wav
18,ultrasonic,ch1,int,192000,C:\Users\beatr\OneDrive\Desktop\Projeto_Brocas_AE\data\standardized\18\18_ultrasonic_ch1_int.wav
18,ultrasonic,ch1,int,192000,C:\Users\beatr\OneDrive\Desktop\Projeto_Brocas_AE\data\standardized\18\18_ultrasonic_ch1_int.wav
18,ultrasonic,ch1,int,192000,C:\Users\beatr\OneDrive\Desktop\Projeto_Brocas_AE\data\standardized\18\18_ultrasonic_ch1_int.wav
18,common,Tr1,ext,96000,C:\Users\beatr\OneDrive\Desktop\Projeto_Brocas_AE\data\standardized\18\18_common_Tr1_ext.wav
18,common,Tr2,ext,96000,C:\Users\beatr\OneDrive\Desktop\Projeto_Brocas_AE\data\standardized\18\18_common_Tr2_ext.wav
18,common,Tr3,ext,96000,C:\Users\beatr\OneDrive\Desktop\Projeto_Brocas_AE\data\standardized\18\18_common_Tr3_ext.wav
18,common,Tr4,int,96000,C:\Users\beatr\OneDrive\Desktop\Projeto_Brocas_AE\data\standardized\18\18_common_Tr4_int.wav
18,common,Tr5,int,96000,C:\Users\beatr\OneDrive\Desktop\Projeto_Brocas_AE\data\standardized\18\18_common_Tr5_int.wav
18,common,Tr6,int,96000,C:\Users\beatr\OneDrive\Desktop\Projeto_Brocas_AE\data\standardized\18\18_common_Tr6_int.wav
18,ultrasonic,ch1,int,192000,C:\Users\beatr\OneDrive\Desktop\Projeto_Brocas_AE\data\standardized\18\18_ultrasonic_ch1_int.wav
18,ultrasonic,ch1,int,192000,C:\Users\beatr\OneDrive\Desktop\Projeto_Brocas_AE\data\standardized\18\18_ultrasonic_ch1_int.wav
18,ultrasonic,ch1,int,192000,C:\Users\beatr\OneDrive\Desktop\Projeto_Brocas_AE\data\standardized\18\18_ultrasonic_ch1_int.wav
18,ultrasonic,ch1,int,192000,C:\Users\beatr\OneDrive\Desktop\Projeto_Brocas_AE\data\standardized\18\18_ultrasonic_ch1_int.wav
18,ultrasonic,ch1,int,192000,C:\Users\beatr\OneDrive\Desktop\Projeto_Brocas_AE\data\standardized\18\18_ultrasonic_ch1_int.wav
18,ultrasonic,ch1,int,192000,C:\Users\beatr\OneDrive\Desktop\Projeto_Brocas_AE\data\standardized\18\18_ultrasonic_ch1_int.wav
18,common,Tr1,ext,96000,C:\Users\beatr\OneDrive\Desktop\Projeto_Brocas_AE\data\standardized\18\18_common_Tr1_ext.wav
18,common,Tr2,ext,96000,C:\Users\beatr\OneDrive\Desktop\Projeto_Brocas_AE\data\standardized\18\18_common_Tr2_ext.wav
18,common,Tr3,ext,96000,C:\Users\beatr\OneDrive\Desktop\Projeto_Brocas_AE\data\standardized\18\18_common_Tr3_ext.wav
18,common,Tr4,int,96000,C:\Users\beatr\OneDrive\Desktop\Projeto_Brocas_AE\data\standardized\18\18_common_Tr4_int.wav
18,common,Tr5,int,96000,C:\Users\beatr\OneDrive\Desktop\Projeto_Brocas_AE\data\standardized\18\18_common_Tr5_int.wav
18,common,Tr6,int,96000,C:\Users\beatr\OneDrive\Desktop\Projeto_Brocas_AE\data\standardized\18\18_common_Tr6_int.wav
18,ultrasonic,ch1,int,192000,C:\Users\beatr\OneDrive\Desktop\Projeto_Brocas_AE\data\standardized\18\18_ultrasonic_ch1_int.wav
18,ultrasonic,ch1,int,192000,C:\Users\beatr\OneDrive\Desktop\Projeto_Brocas_AE\data\standardized\18\18_ultrasonic_ch1_int.wav
18,ultrasonic,ch1,int,192000,C:\Users\beatr\OneDrive\Desktop\Projeto_Brocas_AE\data\standardized\18\18_ultrasonic_ch1_int.wav
18,ultrasonic,ch1,int,192000,C:\Users\beatr\OneDrive\Desktop\Projeto_Brocas_AE\data\standardized\18\18_ultrasonic_ch1_int.wav
18,ultrasonic,ch1,int,192000,C:\Users\beatr\OneDrive\Desktop\Projeto_Brocas_AE\data\standardized\18\18_ultrasonic_ch1_int.wav
18,ultrasonic,ch1,int,192000,C:\Users\beatr\OneDrive\Desktop\Projeto_Brocas_AE\data\standardized\18\18_ultrasonic_ch1_int.wav
18,common,Tr1,ext,96000,C:\Users\beatr\OneDrive\Desktop\Projeto_Brocas_AE\data\standardized\18\18_common_Tr1_ext.wav
18,common,Tr2,ext,96000,C:\Users\beatr\OneDrive\Desktop\Projeto_Brocas_AE\data\standardized\18\18_common_Tr2_ext.wav
18,common,Tr3,ext,96000,C:\Users\beatr\OneDrive\Desktop\Projeto_Brocas_AE\data\standardized\18\18_common_Tr3_ext.wav
18,common,Tr4,int,96000,C:\Users\beatr\OneDrive\Desktop\Projeto_Brocas_AE\data\standardized\18\18_common_Tr4_int.wav
18,common,Tr5,int,96000,C:\Users\beatr\OneDrive\Desktop\Projeto_Brocas_AE\data\standardized\18\18_common_Tr5_int.wav
18,common,Tr6,int,96000,C:\Users\beatr\OneDrive\Desktop\Projeto_Brocas_AE\data\standardized\18\18_common_Tr6_int.wav
18,ultrasonic,ch1,int,192000,C:\Users\beatr\OneDrive\Desktop\Projeto_Brocas_AE\data\standardized\18\18_ultrasonic_ch1_int.wav
18,ultrasonic,ch1,int,192000,C:\Users\beatr\OneDrive\Desktop\Projeto_Brocas_AE\data\standardized\18\18_ultrasonic_ch1_int.wav
18,ultrasonic,ch1,int,192000,C:\Users\beatr\OneDrive\Desktop\Projeto_Brocas_AE\data\standardized\18\18_ultrasonic_ch1_int.wav
18,ultrasonic,ch1,int,192000,C:\Users\beatr\OneDrive\Desktop\Projeto_Brocas_AE\data\standardized\18\18_ultrasonic_ch1_int.wav
18,ultrasonic,ch1,int,192000,C:\Users\beatr\OneDrive\Desktop\Projeto_Brocas_AE\data\standardized\18\18_ultrasonic_ch1_int.wav
18,ultrasonic,ch1,int,192000,C:\Users\beatr\OneDrive\Desktop\Projeto_Brocas_AE\data\standardized\18\18_ultrasonic_ch1_int.wav
18,common,Tr1,ext,96000,C:\Users\beatr\OneDrive\Desktop\Projeto_Brocas_AE\data\standardized\18\18_common_Tr1_ext.wav
18,common,Tr2,ext,96000,C:\Users\beatr\OneDrive\Desktop\Projeto_Brocas_AE\data\standardized\18\18_common_Tr2_ext.wav
18,common,Tr3,ext,96000,C:\Users\beatr\OneDrive\Desktop\Projeto_Brocas_AE\data\standardized\18\18_common_Tr3_ext.wav
18,common,Tr4,int,96000,C:\Users\beatr\OneDrive\Desktop\Projeto_Brocas_AE\data\standardized\18\18_common_Tr4_int.wav
18,common,Tr5,int,96000,C:\Users\beatr\OneDrive\Desktop\Projeto_Brocas_AE\data\standardized\18\18_common_Tr5_int.wav
18,common,Tr6,int,96000,C:\Users\beatr\OneDrive\Desktop\Projeto_Brocas_AE\data\standardized\18\18_common_Tr6_int.wav
18,ultrasonic,ch1,int,192000,C:\Users\beatr\OneDrive\Desktop\Projeto_Brocas_AE\data\standardized\18\18_ultrasonic_ch1_int.wav
18,ultrasonic,ch1,int,192000,C:\Users\beatr\OneDrive\Desktop\Projeto_Brocas_AE\data\standardized\18\18_ultrasonic_ch1_int.wav
18,ultrasonic,ch1,int,192000,C:\Users\beatr\OneDrive\Desktop\Projeto_Brocas_AE\data\standardized\18\18_ultrasonic_ch1_int.wav
18,ultrasonic,ch1,int,192000,C:\Users\beatr\OneDrive\Desktop\Projeto_Brocas_AE\data\standardized\18\18_ultrasonic_ch1_int.wav
18,ultrasonic,ch1,int,192000,C:\Users\beatr\OneDrive\Desktop\Projeto_Brocas_AE\data\standardized\18\18_ultrasonic_ch1_int.wav
18,ultrasonic,ch1,int,192000,C:\Users\beatr\OneDrive\Desktop\Projeto_Brocas_AE\data\standardized\18\18_ultrasonic_ch1_int.wav
18,common,Tr1,ext,96000,C:\Users\beatr\OneDrive\Desktop\Projeto_Brocas_AE\data\standardized\18\18_common_Tr1_ext.wav
18,common,Tr2,ext,96000,C:\Users\beatr\OneDrive\Desktop\Projeto_Brocas_AE\data\standardized\18\18_common_Tr2_ext.wav
18,common,Tr3,ext,96000,C:\Users\beatr\OneDrive\Desktop\Projeto_Brocas_AE\data\standardized\18\18_common_Tr3_ext.wav
18,common,Tr4,int,96000,C:\Users\beatr\OneDrive\Desktop\Projeto_Brocas_AE\data\standardized\18\18_common_Tr4_int.wav
18,common,Tr5,int,96000,C:\Users\beatr\OneDrive\Desktop\Projeto_Brocas_AE\data\standardized\18\18_common_Tr5_int.wav
18,common,Tr6,int,96000,C:\Users\beatr\OneDrive\Desktop\Projeto_Brocas_AE\data\standardized\18\18_common_Tr6_int.wav
18,ultrasonic,ch1,int,192000,C:\Users\beatr\OneDrive\Desktop\Projeto_Brocas_AE\data\standardized\18\18_ultrasonic_ch1_int.wav
18,ultrasonic,ch1,int,192000,C:\Users\beatr\OneDrive\Desktop\Projeto_Brocas_AE\data\standardized\18\18_ultrasonic_ch1_int.wav
18,ultrasonic,ch1,int,192000,C:\Users\beatr\OneDrive\Desktop\Projeto_Brocas_AE\data\standardized\18\18_ultrasonic_ch1_int.wav
18,ultrasonic,ch1,int,192000,C:\Users\beatr\OneDrive\Desktop\Projeto_Brocas_AE\data\standardized\18\18_ultrasonic_ch1_int.wav
18,ultrasonic,ch1,int,192000,C:\Users\beatr\OneDrive\Desktop\Projeto_Brocas_AE\data\standardized\18\18_ultrasonic_ch1_int.wav
18,ultrasonic,ch1,int,192000,C:\Users\beatr\OneDrive\Desktop\Projeto_Brocas_AE\data\standardized\18\18_ultrasonic_ch1_int.wav
18,common,Tr1,ext,96000,C:\Users\beatr\OneDrive\Desktop\Projeto_Brocas_AE\data\standardized\18\18_common_Tr1_ext.wav
18,common,Tr2,ext,96000,C:\Users\beatr\OneDrive\Desktop\Projeto_Brocas_AE\data\standardized\18\18_common_Tr2_ext.wav
18,common,Tr3,ext,96000,C:\Users\beatr\OneDrive\Desktop\Projeto_Brocas_AE\data\standardized\18\18_common_Tr3_ext.wav
18,common,Tr4,int,96000,C:\Users\beatr\OneDrive\Desktop\Projeto_Brocas_AE\data\standardized\18\18_common_Tr4_int.wav
18,common,Tr5,int,96000,C:\Users\beatr\OneDrive\Desktop\Projeto_Brocas_AE\data\standardized\18\18_common_Tr5_int.wav
18,common,Tr6,int,96000,C:\Users\beatr\OneDrive\Desktop\Projeto_Brocas_AE\data\standardized\18\18_common_Tr6_int.wav
18,ultrasonic,ch1,int,192000,C:\Users\beatr\OneDrive\Desktop\Projeto_Brocas_AE\data\standardized\18\18_ultrasonic_ch1_int.wav
18,ultrasonic,ch1,int,192000,C:\Users\beatr\OneDrive\Desktop\Projeto_Brocas_AE\data\standardized\18\18_ultrasonic_ch1_int.wav
18,ultrasonic,ch1,int,192000,C:\Users\beatr\OneDrive\Desktop\Projeto_Brocas_AE\data\standardized\18\18_ultrasonic_ch1_int.wav
18,ultrasonic,ch1,int,192000,C:\Users\beatr\OneDrive\Desktop\Projeto_Brocas_AE\data\standardized\18\18_ultrasonic_ch1_int.wav
18,ultrasonic,ch1,int,192000,C:\Users\beatr\OneDrive\Desktop\Projeto_Brocas_AE\data\standardized\18\18_ultrasonic_ch1_int.wav
18,ultrasonic,ch1,int,192000,C:\Users\beatr\OneDrive\Desktop\Projeto_Brocas_AE\data\standardized\18\18_ultrasonic_ch1_int.wav
18,common,Tr1,ext,96000,C:\Users\beatr\OneDrive\Desktop\Projeto_Brocas_AE\data\standardized\18\18_common_Tr1_ext.wav
18,common,Tr2,ext,96000,C:\Users\beatr\OneDrive\Desktop\Projeto_Brocas_AE\data\standardized\18\18_common_Tr2_ext.wav
18,common,Tr3,ext,96000,C:\Users\beatr\OneDrive\Desktop\Projeto_Brocas_AE\data\standardized\18\18_common_Tr3_ext.wav
18,common,Tr4,int,96000,C:\Users\beatr\OneDrive\Desktop\Projeto_Brocas_AE\data\standardized\18\18_common_Tr4_int.wav
18,common,Tr5,int,96000,C:\Users\beatr\OneDrive\Desktop\Projeto_Brocas_AE\data\standardized\18\18_common_Tr5_int.wav
18,common,Tr6,int,96000,C:\Users\beatr\OneDrive\Desktop\Projeto_Brocas_AE\data\standardized\18\18_common_Tr6_int.wav
18,ultrasonic,ch1,int,192000,C:\Users\beatr\OneDrive\Desktop\Projeto_Brocas_AE\data\standardized\18\18_ultrasonic_ch1_int.wav
18,ultrasonic,ch1,int,192000,C:\Users\beatr\OneDrive\Desktop\Projeto_Brocas_AE\data\standardized\18\18_ultrasonic_ch1_int.wav
18,ultrasonic,ch1,int,192000,C:\Users\beatr\OneDrive\Desktop\Projeto_Brocas_AE\data\standardized\18\18_ultrasonic_ch1_int.wav
18,ultrasonic,ch1,int,192000,C:\Users\beatr\OneDrive\Desktop\Projeto_Brocas_AE\data\standardized\18\18_ultrasonic_ch1_int.wav
18,ultrasonic,ch1,int,192000,C:\Users\beatr\OneDrive\Desktop\Projeto_Brocas_AE\data\standardized\18\18_ultrasonic_ch1_int.wav
18,ultrasonic,ch1,int,192000,C:\Users\beatr\OneDrive\Desktop\Projeto_Brocas_AE\data\standardized\18\18_ultrasonic_ch1_int.wav
18,common,Tr1,ext,96000,C:\Users\beatr\OneDrive\Desktop\Projeto_Brocas_AE\data\standardized\18\18_common_Tr1_ext.wav
18,common,Tr2,ext,96000,C:\Users\beatr\OneDrive\Desktop\Projeto_Brocas_AE\data\standardized\18\18_common_Tr2_ext.wav
18,common,Tr3,ext,96000,C:\Users\beatr\OneDrive\Desktop\Projeto_Brocas_AE\data\standardized\18\18_common_Tr3_ext.wav
18,common,Tr4,int,96000,C:\Users\beatr\OneDrive\Desktop\Projeto_Brocas_AE\data\standardized\18\18_common_Tr4_int.wav
18,common,Tr5,int,96000,C:\Users\beatr\OneDrive\Desktop\Projeto_Brocas_AE\data\standardized\18\18_common_Tr5_int.wav
18,common,Tr6,int,96000,C:\Users\beatr\OneDrive\Desktop\Projeto_Brocas_AE\data\standardized\18\18_common_Tr6_int.wav
18,ultrasonic,ch1,int,192000,C:\Users\beatr\OneDrive\Desktop\Projeto_Brocas_AE\data\standardized\18\18_ultrasonic_ch1_int.wav
18,ultrasonic,ch1,int,192000,C:\Users\beatr\OneDrive\Desktop\Projeto_Brocas_AE\data\standardized\18\18_ultrasonic_ch1_int.wav
18,ultrasonic,ch1,int,192000,C:\Users\beatr\OneDrive\Desktop\Projeto_Brocas_AE\data\standardized\18\18_ultrasonic_ch1_int.wav
18,ultrasonic,ch1,int,192000,C:\Users\beatr\OneDrive\Desktop\Projeto_Brocas_AE\data\standardized\18\18_ultrasonic_ch1_int.wav
18,ultrasonic,ch1,int,192000,C:\Users\beatr\OneDrive\Desktop\Projeto_Brocas_AE\data\standardized\18\18_ultrasonic_ch1_int.wav
18,ultrasonic,ch1,int,192000,C:\Users\beatr\OneDrive\Desktop\Projeto_Brocas_AE\data\standardized\18\18_ultrasonic_ch1_int.wav
18,common,Tr1,ext,96000,C:\Users\beatr\OneDrive\Desktop\Projeto_Brocas_AE\data\standardized\18\18_common_Tr1_ext.wav
18,common,Tr2,ext,96000,C:\Users\beatr\OneDrive\Desktop\Projeto_Brocas_AE\data\standardized\18\18_common_Tr2_ext.wav
18,common,Tr3,ext,96000,C:\Users\beatr\OneDrive\Desktop\Projeto_Brocas_AE\data\standardized\18\18_common_Tr3_ext.wav
18,common,Tr4,int,96000,C:\Users\beatr\OneDrive\Desktop\Projeto_Brocas_AE\data\standardized\18\18_common_Tr4_int.wav
18,common,Tr5,int,96000,C:\Users\beatr\OneDrive\Desktop\Projeto_Brocas_AE\data\standardized\18\18_common_Tr5_int.wav
18,common,Tr6,int,96000,C:\Users\beatr\OneDrive\Desktop\Projeto_Brocas_AE\data\standardized\18\18_common_Tr6_int.wav
18,ultrasonic,ch1,int,192000,C:\Users\beatr\OneDrive\Desktop\Projeto_Brocas_AE\data\standardized\18\18_ultrasonic_ch1_int.wav
18,ultrasonic,ch1,int,192000,C:\Users\beatr\OneDrive\Desktop\Projeto_Brocas_AE\data\standardized\18\18_ultrasonic_ch1_int.wav
18,ultrasonic,ch1,int,192000,C:\Users\beatr\OneDrive\Desktop\Projeto_Brocas_AE\data\standardized\18\18_ultrasonic_ch1_int.wav
18,ultrasonic,ch1,int,192000,C:\Users\beatr\OneDrive\Desktop\Projeto_Brocas_AE\data\standardized\18\18_ultrasonic_ch1_int.wav
18,ultrasonic,ch1,int,192000,C:\Users\beatr\OneDrive\Desktop\Projeto_Brocas_AE\data\standardized\18\18_ultrasonic_ch1_int.wav
18,ultrasonic,ch1,int,192000,C:\Users\beatr\OneDrive\Desktop\Projeto_Brocas_AE\data\standardized\18\18_ultrasonic_ch1_int.wav
18,common,Tr1,ext,96000,C:\Users\beatr\OneDrive\Desktop\Projeto_Brocas_AE\data\standardized\18\18_common_Tr1_ext.wav
18,common,Tr2,ext,96000,C:\Users\beatr\OneDrive\Desktop\Projeto_Brocas_AE\data\standardized\18\18_common_Tr2_ext.wav
18,common,Tr3,ext,96000,C:\Users\beatr\OneDrive\Desktop\Projeto_Brocas_AE\data\standardized\18\18_common_Tr3_ext.wav
18,common,Tr4,int,96000,C:\Users\beatr\OneDrive\Desktop\Projeto_Brocas_AE\data\standardized\18\18_common_Tr4_int.wav
18,common,Tr5,int,96000,C:\Users\beatr\OneDrive\Desktop\Projeto_Brocas_AE\data\standardized\18\18_common_Tr5_int.wav
18,common,Tr6,int,96000,C:\Users\beatr\OneDrive\Desktop\Projeto_Brocas_AE\data\standardized\18\18_common_Tr6_int.wav
18,ultrasonic,ch1,int,192000,C:\Users\beatr\OneDrive\Desktop\Projeto_Brocas_AE\data\standardized\18\18_ultrasonic_ch1_int.wav
18,ultrasonic,ch1,int,192000,C:\Users\beatr\OneDrive\Desktop\Projeto_Brocas_AE\data\standardized\18\18_ultrasonic_ch1_int.wav
18,ultrasonic,ch1,int,192000,C:\Users\beatr\OneDrive\Desktop\Projeto_Brocas_AE\data\standardized\18\18_ultrasonic_ch1_int.wav
18,ultrasonic,ch1,int,192000,C:\Users\beatr\OneDrive\Desktop\Projeto_Brocas_AE\data\standardized\18\18_ultrasonic_ch1_int.wav
18,ultrasonic,ch1,int,192000,C:\Users\beatr\OneDrive\Desktop\Projeto_Brocas_AE\data\standardized\18\18_ultrasonic_ch1_int.wav
18,ultrasonic,ch1,int,192000,C:\Users\beatr\OneDrive\Desktop\Projeto_Brocas_AE\data\standardized\18\18_ultrasonic_ch1_int.wav
19,common,Tr1,ext,96000,C:\Users\beatr\OneDrive\Desktop\Projeto_Brocas_AE\data\standardized\19\19_common_Tr1_ext.wav
19,common,Tr2,ext,96000,C:\Users\beatr\OneDrive\Desktop\Projeto_Brocas_AE\data\standardized\19\19_common_Tr2_ext.wav
19,common,Tr3,ext,96000,C:\Users\beatr\OneDrive\Desktop\Projeto_Brocas_AE\data\standardized\19\19_common_Tr3_ext.wav
19,common,Tr4,int,96000,C:\Users\beatr\OneDrive\Desktop\Projeto_Brocas_AE\data\standardized\19\19_common_Tr4_int.wav
19,common,Tr5,int,96000,C:\Users\beatr\OneDrive\Desktop\Projeto_Brocas_AE\data\standardized\19\19_common_Tr5_int.wav
19,common,Tr6,int,96000,C:\Users\beatr\OneDrive\Desktop\Projeto_Brocas_AE\data\standardized\19\19_common_Tr6_int.wav
19,ultrasonic,ch1,int,192000,C:\Users\beatr\OneDrive\Desktop\Projeto_Brocas_AE\data\standardized\19\19_ultrasonic_ch1_int.wav
19,ultrasonic,ch1,int,192000,C:\Users\beatr\OneDrive\Desktop\Projeto_Brocas_AE\data\standardized\19\19_ultrasonic_ch1_int.wav
19,ultrasonic,ch1,int,192000,C:\Users\beatr\OneDrive\Desktop\Projeto_Brocas_AE\data\standardized\19\19_ultrasonic_ch1_int.wav
19,ultrasonic,ch1,int,192000,C:\Users\beatr\OneDrive\Desktop\Projeto_Brocas_AE\data\standardized\19\19_ultrasonic_ch1_int.wav
19,ultrasonic,ch1,int,192000,C:\Users\beatr\OneDrive\Desktop\Projeto_Brocas_AE\data\standardized\19\19_ultrasonic_ch1_int.wav
19,ultrasonic,ch1,int,192000,C:\Users\beatr\OneDrive\Desktop\Projeto_Brocas_AE\data\standardized\19\19_ultrasonic_ch1_int.wav
19,common,Tr1,ext,96000,C:\Users\beatr\OneDrive\Desktop\Projeto_Brocas_AE\data\standardized\19\19_common_Tr1_ext.wav
19,common,Tr2,ext,96000,C:\Users\beatr\OneDrive\Desktop\Projeto_Brocas_AE\data\standardized\19\19_common_Tr2_ext.wav
19,common,Tr3,ext,96000,C:\Users\beatr\OneDrive\Desktop\Projeto_Brocas_AE\data\standardized\19\19_common_Tr3_ext.wav
19,common,Tr4,int,96000,C:\Users\beatr\OneDrive\Desktop\Projeto_Brocas_AE\data\standardized\19\19_common_Tr4_int.wav
19,common,Tr5,int,96000,C:\Users\beatr\OneDrive\Desktop\Projeto_Brocas_AE\data\standardized\19\19_common_Tr5_int.wav
19,common,Tr6,int,96000,C:\Users\beatr\OneDrive\Desktop\Projeto_Brocas_AE\data\standardized\19\19_common_Tr6_int.wav
19,ultrasonic,ch1,int,192000,C:\Users\beatr\OneDrive\Desktop\Projeto_Brocas_AE\data\standardized\19\19_ultrasonic_ch1_int.wav
19,ultrasonic,ch1,int,192000,C:\Users\beatr\OneDrive\Desktop\Projeto_Brocas_AE\data\standardized\19\19_ultrasonic_ch1_int.wav
19,ultrasonic,ch1,int,192000,C:\Users\beatr\OneDrive\Desktop\Projeto_Brocas_AE\data\standardized\19\19_ultrasonic_ch1_int.wav
19,ultrasonic,ch1,int,192000,C:\Users\beatr\OneDrive\Desktop\Projeto_Brocas_AE\data\standardized\19\19_ultrasonic_ch1_int.wav
19,ultrasonic,ch1,int,192000,C:\Users\beatr\OneDrive\Desktop\Projeto_Brocas_AE\data\standardized\19\19_ultrasonic_ch1_int.wav
19,ultrasonic,ch1,int,192000,C:\Users\beatr\OneDrive\Desktop\Projeto_Brocas_AE\data\standardized\19\19_ultrasonic_ch1_int.wav
19,common,Tr1,ext,96000,C:\Users\beatr\OneDrive\Desktop\Projeto_Brocas_AE\data\standardized\19\19_common_Tr1_ext.wav
19,common,Tr2,ext,96000,C:\Users\beatr\OneDrive\Desktop\Projeto_Brocas_AE\data\standardized\19\19_common_Tr2_ext.wav
19,common,Tr3,ext,96000,C:\Users\beatr\OneDrive\Desktop\Projeto_Brocas_AE\data\standardized\19\19_common_Tr3_ext.wav
19,common,Tr4,int,96000,C:\Users\beatr\OneDrive\Desktop\Projeto_Brocas_AE\data\standardized\19\19_common_Tr4_int.wav
19,common,Tr5,int,96000,C:\Users\beatr\OneDrive\Desktop\Projeto_Brocas_AE\data\standardized\19\19_common_Tr5_int.wav
19,common,Tr6,int,96000,C:\Users\beatr\OneDrive\Desktop\Projeto_Brocas_AE\data\standardized\19\19_common_Tr6_int.wav
19,ultrasonic,ch1,int,192000,C:\Users\beatr\OneDrive\Desktop\Projeto_Brocas_AE\data\standardized\19\19_ultrasonic_ch1_int.wav
19,ultrasonic,ch1,int,192000,C:\Users\beatr\OneDrive\Desktop\Projeto_Brocas_AE\data\standardized\19\19_ultrasonic_ch1_int.wav
19,ultrasonic,ch1,int,192000,C:\Users\beatr\OneDrive\Desktop\Projeto_Brocas_AE\data\standardized\19\19_ultrasonic_ch1_int.wav
19,ultrasonic,ch1,int,192000,C:\Users\beatr\OneDrive\Desktop\Projeto_Brocas_AE\data\standardized\19\19_ultrasonic_ch1_int.wav
19,ultrasonic,ch1,int,192000,C:\Users\beatr\OneDrive\Desktop\Projeto_Brocas_AE\data\standardized\19\19_ultrasonic_ch1_int.wav
19,ultrasonic,ch1,int,192000,C:\Users\beatr\OneDrive\Desktop\Projeto_Brocas_AE\data\standardized\19\19_ultrasonic_ch1_int.wav
19,common,Tr1,ext,96000,C:\Users\beatr\OneDrive\Desktop\Projeto_Brocas_AE\data\standardized\19\19_common_Tr1_ext.wav
19,common,Tr2,ext,96000,C:\Users\beatr\OneDrive\Desktop\Projeto_Brocas_AE\data\standardized\19\19_common_Tr2_ext.wav
19,common,Tr3,ext,96000,C:\Users\beatr\OneDrive\Desktop\Projeto_Brocas_AE\data\standardized\19\19_common_Tr3_ext.wav
19,common,Tr4,int,96000,C:\Users\beatr\OneDrive\Desktop\Projeto_Brocas_AE\data\standardized\19\19_common_Tr4_int.wav
19,common,Tr5,int,96000,C:\Users\beatr\OneDrive\Desktop\Projeto_Brocas_AE\data\standardized\19\19_common_Tr5_int.wav
19,common,Tr6,int,96000,C:\Users\beatr\OneDrive\Desktop\Projeto_Brocas_AE\data\standardized\19\19_common_Tr6_int.wav
19,ultrasonic,ch1,int,192000,C:\Users\beatr\OneDrive\Desktop\Projeto_Brocas_AE\data\standardized\19\19_ultrasonic_ch1_int.wav
19,ultrasonic,ch1,int,192000,C:\Users\beatr\OneDrive\Desktop\Projeto_Brocas_AE\data\standardized\19\19_ultrasonic_ch1_int.wav
19,ultrasonic,ch1,int,192000,C:\Users\beatr\OneDrive\Desktop\Projeto_Brocas_AE\data\standardized\19\19_ultrasonic_ch1_int.wav
19,ultrasonic,ch1,int,192000,C:\Users\beatr\OneDrive\Desktop\Projeto_Brocas_AE\data\standardized\19\19_ultrasonic_ch1_int.wav
19,ultrasonic,ch1,int,192000,C:\Users\beatr\OneDrive\Desktop\Projeto_Brocas_AE\data\standardized\19\19_ultrasonic_ch1_int.wav
19,ultrasonic,ch1,int,192000,C:\Users\beatr\OneDrive\Desktop\Projeto_Brocas_AE\data\standardized\19\19_ultrasonic_ch1_int.wav
19,common,Tr1,ext,96000,C:\Users\beatr\OneDrive\Desktop\Projeto_Brocas_AE\data\standardized\19\19_common_Tr1_ext.wav
19,common,Tr2,ext,96000,C:\Users\beatr\OneDrive\Desktop\Projeto_Brocas_AE\data\standardized\19\19_common_Tr2_ext.wav
19,common,Tr3,ext,96000,C:\Users\beatr\OneDrive\Desktop\Projeto_Brocas_AE\data\standardized\19\19_common_Tr3_ext.wav
19,common,Tr4,int,96000,C:\Users\beatr\OneDrive\Desktop\Projeto_Brocas_AE\data\standardized\19\19_common_Tr4_int.wav
19,common,Tr5,int,96000,C:\Users\beatr\OneDrive\Desktop\Projeto_Brocas_AE\data\standardized\19\19_common_Tr5_int.wav
19,common,Tr6,int,96000,C:\Users\beatr\OneDrive\Desktop\Projeto_Brocas_AE\data\standardized\19\19_common_Tr6_int.wav
19,ultrasonic,ch1,int,192000,C:\Users\beatr\OneDrive\Desktop\Projeto_Brocas_AE\data\standardized\19\19_ultrasonic_ch1_int.wav
19,ultrasonic,ch1,int,192000,C:\Users\beatr\OneDrive\Desktop\Projeto_Brocas_AE\data\standardized\19\19_ultrasonic_ch1_int.wav
19,ultrasonic,ch1,int,192000,C:\Users\beatr\OneDrive\Desktop\Projeto_Brocas_AE\data\standardized\19\19_ultrasonic_ch1_int.wav
19,ultrasonic,ch1,int,192000,C:\Users\beatr\OneDrive\Desktop\Projeto_Brocas_AE\data\standardized\19\19_ultrasonic_ch1_int.wav
19,ultrasonic,ch1,int,192000,C:\Users\beatr\OneDrive\Desktop\Projeto_Brocas_AE\data\standardized\19\19_ultrasonic_ch1_int.wav
19,ultrasonic,ch1,int,192000,C:\Users\beatr\OneDrive\Desktop\Projeto_Brocas_AE\data\standardized\19\19_ultrasonic_ch1_int.wav
19,common,Tr1,ext,96000,C:\Users\beatr\OneDrive\Desktop\Projeto_Brocas_AE\data\standardized\19\19_common_Tr1_ext.wav
19,common,Tr2,ext,96000,C:\Users\beatr\OneDrive\Desktop\Projeto_Brocas_AE\data\standardized\19\19_common_Tr2_ext.wav
19,common,Tr3,ext,96000,C:\Users\beatr\OneDrive\Desktop\Projeto_Brocas_AE\data\standardized\19\19_common_Tr3_ext.wav
19,common,Tr4,int,96000,C:\Users\beatr\OneDrive\Desktop\Projeto_Brocas_AE\data\standardized\19\19_common_Tr4_int.wav
19,common,Tr5,int,96000,C:\Users\beatr\OneDrive\Desktop\Projeto_Brocas_AE\data\standardized\19\19_common_Tr5_int.wav
19,common,Tr6,int,96000,C:\Users\beatr\OneDrive\Desktop\Projeto_Brocas_AE\data\standardized\19\19_common_Tr6_int.wav
19,ultrasonic,ch1,int,192000,C:\Users\beatr\OneDrive\Desktop\Projeto_Brocas_AE\data\standardized\19\19_ultrasonic_ch1_int.wav
19,ultrasonic,ch1,int,192000,C:\Users\beatr\OneDrive\Desktop\Projeto_Brocas_AE\data\standardized\19\19_ultrasonic_ch1_int.wav
19,ultrasonic,ch1,int,192000,C:\Users\beatr\OneDrive\Desktop\Projeto_Brocas_AE\data\standardized\19\19_ultrasonic_ch1_int.wav
19,ultrasonic,ch1,int,192000,C:\Users\beatr\OneDrive\Desktop\Projeto_Brocas_AE\data\standardized\19\19_ultrasonic_ch1_int.wav
19,ultrasonic,ch1,int,192000,C:\Users\beatr\OneDrive\Desktop\Projeto_Brocas_AE\data\standardized\19\19_ultrasonic_ch1_int.wav
19,ultrasonic,ch1,int,192000,C:\Users\beatr\OneDrive\Desktop\Projeto_Brocas_AE\data\standardized\19\19_ultrasonic_ch1_int.wav
19,common,Tr1,ext,96000,C:\Users\beatr\OneDrive\Desktop\Projeto_Brocas_AE\data\standardized\19\19_common_Tr1_ext.wav
19,common,Tr2,ext,96000,C:\Users\beatr\OneDrive\Desktop\Projeto_Brocas_AE\data\standardized\19\19_common_Tr2_ext.wav
19,common,Tr3,ext,96000,C:\Users\beatr\OneDrive\Desktop\Projeto_Brocas_AE\data\standardized\19\19_common_Tr3_ext.wav
19,common,Tr4,int,96000,C:\Users\beatr\OneDrive\Desktop\Projeto_Brocas_AE\data\standardized\19\19_common_Tr4_int.wav
19,common,Tr5,int,96000,C:\Users\beatr\OneDrive\Desktop\Projeto_Brocas_AE\data\standardized\19\19_common_Tr5_int.wav
19,common,Tr6,int,96000,C:\Users\beatr\OneDrive\Desktop\Projeto_Brocas_AE\data\standardized\19\19_common_Tr6_int.wav
19,ultrasonic,ch1,int,192000,C:\Users\beatr\OneDrive\Desktop\Projeto_Brocas_AE\data\standardized\19\19_ultrasonic_ch1_int.wav
19,ultrasonic,ch1,int,192000,C:\Users\beatr\OneDrive\Desktop\Projeto_Brocas_AE\data\standardized\19\19_ultrasonic_ch1_int.wav
19,ultrasonic,ch1,int,192000,C:\Users\beatr\OneDrive\Desktop\Projeto_Brocas_AE\data\standardized\19\19_ultrasonic_ch1_int.wav
19,ultrasonic,ch1,int,192000,C:\Users\beatr\OneDrive\Desktop\Projeto_Brocas_AE\data\standardized\19\19_ultrasonic_ch1_int.wav
19,ultrasonic,ch1,int,192000,C:\Users\beatr\OneDrive\Desktop\Projeto_Brocas_AE\data\standardized\19\19_ultrasonic_ch1_int.wav
19,ultrasonic,ch1,int,192000,C:\Users\beatr\OneDrive\Desktop\Projeto_Brocas_AE\data\standardized\19\19_ultrasonic_ch1_int.wav
19,common,Tr1,ext,96000,C:\Users\beatr\OneDrive\Desktop\Projeto_Brocas_AE\data\standardized\19\19_common_Tr1_ext.wav
19,common,Tr2,ext,96000,C:\Users\beatr\OneDrive\Desktop\Projeto_Brocas_AE\data\standardized\19\19_common_Tr2_ext.wav
19,common,Tr3,ext,96000,C:\Users\beatr\OneDrive\Desktop\Projeto_Brocas_AE\data\standardized\19\19_common_Tr3_ext.wav
19,common,Tr4,int,96000,C:\Users\beatr\OneDrive\Desktop\Projeto_Brocas_AE\data\standardized\19\19_common_Tr4_int.wav
19,common,Tr5,int,96000,C:\Users\beatr\OneDrive\Desktop\Projeto_Brocas_AE\data\standardized\19\19_common_Tr5_int.wav
19,common,Tr6,int,96000,C:\Users\beatr\OneDrive\Desktop\Projeto_Brocas_AE\data\standardized\19\19_common_Tr6_int.wav
19,ultrasonic,ch1,int,192000,C:\Users\beatr\OneDrive\Desktop\Projeto_Brocas_AE\data\standardized\19\19_ultrasonic_ch1_int.wav
19,ultrasonic,ch1,int,192000,C:\Users\beatr\OneDrive\Desktop\Projeto_Brocas_AE\data\standardized\19\19_ultrasonic_ch1_int.wav
19,ultrasonic,ch1,int,192000,C:\Users\beatr\OneDrive\Desktop\Projeto_Brocas_AE\data\standardized\19\19_ultrasonic_ch1_int.wav
19,ultrasonic,ch1,int,192000,C:\Users\beatr\OneDrive\Desktop\Projeto_Brocas_AE\data\standardized\19\19_ultrasonic_ch1_int.wav
19,ultrasonic,ch1,int,192000,C:\Users\beatr\OneDrive\Desktop\Projeto_Brocas_AE\data\standardized\19\19_ultrasonic_ch1_int.wav
19,ultrasonic,ch1,int,192000,C:\Users\beatr\OneDrive\Desktop\Projeto_Brocas_AE\data\standardized\19\19_ultrasonic_ch1_int.wav
20,common,Tr1,ext,96000,C:\Users\beatr\OneDrive\Desktop\Projeto_Brocas_AE\data\standardized\20\20_common_Tr1_ext.wav
20,common,Tr2,ext,96000,C:\Users\beatr\OneDrive\Desktop\Projeto_Brocas_AE\data\standardized\20\20_common_Tr2_ext.wav
20,common,Tr3,ext,96000,C:\Users\beatr\OneDrive\Desktop\Projeto_Brocas_AE\data\standardized\20\20_common_Tr3_ext.wav
20,common,Tr4,int,96000,C:\Users\beatr\OneDrive\Desktop\Projeto_Brocas_AE\data\standardized\20\20_common_Tr4_int.wav
20,common,Tr5,int,96000,C:\Users\beatr\OneDrive\Desktop\Projeto_Brocas_AE\data\standardized\20\20_common_Tr5_int.wav
20,common,Tr6,int,96000,C:\Users\beatr\OneDrive\Desktop\Projeto_Brocas_AE\data\standardized\20\20_common_Tr6_int.wav
20,ultrasonic,ch1,int,192000,C:\Users\beatr\OneDrive\Desktop\Projeto_Brocas_AE\data\standardized\20\20_ultrasonic_ch1_int.wav
20,ultrasonic,ch1,int,192000,C:\Users\beatr\OneDrive\Desktop\Projeto_Brocas_AE\data\standardized\20\20_ultrasonic_ch1_int.wav
20,ultrasonic,ch1,int,192000,C:\Users\beatr\OneDrive\Desktop\Projeto_Brocas_AE\data\standardized\20\20_ultrasonic_ch1_int.wav
20,ultrasonic,ch1,int,192000,C:\Users\beatr\OneDrive\Desktop\Projeto_Brocas_AE\data\standardized\20\20_ultrasonic_ch1_int.wav
20,ultrasonic,ch1,int,192000,C:\Users\beatr\OneDrive\Desktop\Projeto_Brocas_AE\data\standardized\20\20_ultrasonic_ch1_int.wav
20,ultrasonic,ch1,int,192000,C:\Users\beatr\OneDrive\Desktop\Projeto_Brocas_AE\data\standardized\20\20_ultrasonic_ch1_int.wav
20,common,Tr1,ext,96000,C:\Users\beatr\OneDrive\Desktop\Projeto_Brocas_AE\data\standardized\20\20_common_Tr1_ext.wav
20,common,Tr2,ext,96000,C:\Users\beatr\OneDrive\Desktop\Projeto_Brocas_AE\data\standardized\20\20_common_Tr2_ext.wav
20,common,Tr3,ext,96000,C:\Users\beatr\OneDrive\Desktop\Projeto_Brocas_AE\data\standardized\20\20_common_Tr3_ext.wav
20,common,Tr4,int,96000,C:\Users\beatr\OneDrive\Desktop\Projeto_Brocas_AE\data\standardized\20\20_common_Tr4_int.wav
20,common,Tr5,int,96000,C:\Users\beatr\OneDrive\Desktop\Projeto_Brocas_AE\data\standardized\20\20_common_Tr5_int.wav
20,common,Tr6,int,96000,C:\Users\beatr\OneDrive\Desktop\Projeto_Brocas_AE\data\standardized\20\20_common_Tr6_int.wav
20,ultrasonic,ch1,int,192000,C:\Users\beatr\OneDrive\Desktop\Projeto_Brocas_AE\data\standardized\20\20_ultrasonic_ch1_int.wav
20,ultrasonic,ch1,int,192000,C:\Users\beatr\OneDrive\Desktop\Projeto_Brocas_AE\data\standardized\20\20_ultrasonic_ch1_int.wav
20,ultrasonic,ch1,int,192000,C:\Users\beatr\OneDrive\Desktop\Projeto_Brocas_AE\data\standardized\20\20_ultrasonic_ch1_int.wav
20,ultrasonic,ch1,int,192000,C:\Users\beatr\OneDrive\Desktop\Projeto_Brocas_AE\data\standardized\20\20_ultrasonic_ch1_int.wav
20,ultrasonic,ch1,int,192000,C:\Users\beatr\OneDrive\Desktop\Projeto_Brocas_AE\data\standardized\20\20_ultrasonic_ch1_int.wav
20,ultrasonic,ch1,int,192000,C:\Users\beatr\OneDrive\Desktop\Projeto_Brocas_AE\data\standardized\20\20_ultrasonic_ch1_int.wav
20,common,Tr1,ext,96000,C:\Users\beatr\OneDrive\Desktop\Projeto_Brocas_AE\data\standardized\20\20_common_Tr1_ext.wav
20,common,Tr2,ext,96000,C:\Users\beatr\OneDrive\Desktop\Projeto_Brocas_AE\data\standardized\20\20_common_Tr2_ext.wav
20,common,Tr3,ext,96000,C:\Users\beatr\OneDrive\Desktop\Projeto_Brocas_AE\data\standardized\20\20_common_Tr3_ext.wav
20,common,Tr4,int,96000,C:\Users\beatr\OneDrive\Desktop\Projeto_Brocas_AE\data\standardized\20\20_common_Tr4_int.wav
20,common,Tr5,int,96000,C:\Users\beatr\OneDrive\Desktop\Projeto_Brocas_AE\data\standardized\20\20_common_Tr5_int.wav
20,common,Tr6,int,96000,C:\Users\beatr\OneDrive\Desktop\Projeto_Brocas_AE\data\standardized\20\20_common_Tr6_int.wav
20,ultrasonic,ch1,int,192000,C:\Users\beatr\OneDrive\Desktop\Projeto_Brocas_AE\data\standardized\20\20_ultrasonic_ch1_int.wav
20,ultrasonic,ch1,int,192000,C:\Users\beatr\OneDrive\Desktop\Projeto_Brocas_AE\data\standardized\20\20_ultrasonic_ch1_int.wav
20,ultrasonic,ch1,int,192000,C:\Users\beatr\OneDrive\Desktop\Projeto_Brocas_AE\data\standardized\20\20_ultrasonic_ch1_int.wav
20,ultrasonic,ch1,int,192000,C:\Users\beatr\OneDrive\Desktop\Projeto_Brocas_AE\data\standardized\20\20_ultrasonic_ch1_int.wav
20,ultrasonic,ch1,int,192000,C:\Users\beatr\OneDrive\Desktop\Projeto_Brocas_AE\data\standardized\20\20_ultrasonic_ch1_int.wav
20,ultrasonic,ch1,int,192000,C:\Users\beatr\OneDrive\Desktop\Projeto_Brocas_AE\data\standardized\20\20_ultrasonic_ch1_int.wav
20,common,Tr1,ext,96000,C:\Users\beatr\OneDrive\Desktop\Projeto_Brocas_AE\data\standardized\20\20_common_Tr1_ext.wav
20,common,Tr2,ext,96000,C:\Users\beatr\OneDrive\Desktop\Projeto_Brocas_AE\data\standardized\20\20_common_Tr2_ext.wav
20,common,Tr3,ext,96000,C:\Users\beatr\OneDrive\Desktop\Projeto_Brocas_AE\data\standardized\20\20_common_Tr3_ext.wav
20,common,Tr4,int,96000,C:\Users\beatr\OneDrive\Desktop\Projeto_Brocas_AE\data\standardized\20\20_common_Tr4_int.wav
20,common,Tr5,int,96000,C:\Users\beatr\OneDrive\Desktop\Projeto_Brocas_AE\data\standardized\20\20_common_Tr5_int.wav
20,common,Tr6,int,96000,C:\Users\beatr\OneDrive\Desktop\Projeto_Brocas_AE\data\standardized\20\20_common_Tr6_int.wav
20,ultrasonic,ch1,int,192000,C:\Users\beatr\OneDrive\Desktop\Projeto_Brocas_AE\data\standardized\20\20_ultrasonic_ch1_int.wav
20,ultrasonic,ch1,int,192000,C:\Users\beatr\OneDrive\Desktop\Projeto_Brocas_AE\data\standardized\20\20_ultrasonic_ch1_int.wav
20,ultrasonic,ch1,int,192000,C:\Users\beatr\OneDrive\Desktop\Projeto_Brocas_AE\data\standardized\20\20_ultrasonic_ch1_int.wav
20,ultrasonic,ch1,int,192000,C:\Users\beatr\OneDrive\Desktop\Projeto_Brocas_AE\data\standardized\20\20_ultrasonic_ch1_int.wav
20,ultrasonic,ch1,int,192000,C:\Users\beatr\OneDrive\Desktop\Projeto_Brocas_AE\data\standardized\20\20_ultrasonic_ch1_int.wav
20,ultrasonic,ch1,int,192000,C:\Users\beatr\OneDrive\Desktop\Projeto_Brocas_AE\data\standardized\20\20_ultrasonic_ch1_int.wav
20,common,Tr1,ext,96000,C:\Users\beatr\OneDrive\Desktop\Projeto_Brocas_AE\data\standardized\20\20_common_Tr1_ext.wav
20,common,Tr2,ext,96000,C:\Users\beatr\OneDrive\Desktop\Projeto_Brocas_AE\data\standardized\20\20_common_Tr2_ext.wav
20,common,Tr3,ext,96000,C:\Users\beatr\OneDrive\Desktop\Projeto_Brocas_AE\data\standardized\20\20_common_Tr3_ext.wav
20,common,Tr4,int,96000,C:\Users\beatr\OneDrive\Desktop\Projeto_Brocas_AE\data\standardized\20\20_common_Tr4_int.wav
20,common,Tr5,int,96000,C:\Users\beatr\OneDrive\Desktop\Projeto_Brocas_AE\data\standardized\20\20_common_Tr5_int.wav
20,common,Tr6,int,96000,C:\Users\beatr\OneDrive\Desktop\Projeto_Brocas_AE\data\standardized\20\20_common_Tr6_int.wav
20,ultrasonic,ch1,int,192000,C:\Users\beatr\OneDrive\Desktop\Projeto_Brocas_AE\data\standardized\20\20_ultrasonic_ch1_int.wav
20,ultrasonic,ch1,int,192000,C:\Users\beatr\OneDrive\Desktop\Projeto_Brocas_AE\data\standardized\20\20_ultrasonic_ch1_int.wav
20,ultrasonic,ch1,int,192000,C:\Users\beatr\OneDrive\Desktop\Projeto_Brocas_AE\data\standardized\20\20_ultrasonic_ch1_int.wav
20,ultrasonic,ch1,int,192000,C:\Users\beatr\OneDrive\Desktop\Projeto_Brocas_AE\data\standardized\20\20_ultrasonic_ch1_int.wav
20,ultrasonic,ch1,int,192000,C:\Users\beatr\OneDrive\Desktop\Projeto_Brocas_AE\data\standardized\20\20_ultrasonic_ch1_int.wav
20,ultrasonic,ch1,int,192000,C:\Users\beatr\OneDrive\Desktop\Projeto_Brocas_AE\data\standardized\20\20_ultrasonic_ch1_int.wav
20,common,Tr1,ext,96000,C:\Users\beatr\OneDrive\Desktop\Projeto_Brocas_AE\data\standardized\20\20_common_Tr1_ext.wav
20,common,Tr2,ext,96000,C:\Users\beatr\OneDrive\Desktop\Projeto_Brocas_AE\data\standardized\20\20_common_Tr2_ext.wav
20,common,Tr3,ext,96000,C:\Users\beatr\OneDrive\Desktop\Projeto_Brocas_AE\data\standardized\20\20_common_Tr3_ext.wav
20,common,Tr4,int,96000,C:\Users\beatr\OneDrive\Desktop\Projeto_Brocas_AE\data\standardized\20\20_common_Tr4_int.wav
20,common,Tr5,int,96000,C:\Users\beatr\OneDrive\Desktop\Projeto_Brocas_AE\data\standardized\20\20_common_Tr5_int.wav
20,common,Tr6,int,96000,C:\Users\beatr\OneDrive\Desktop\Projeto_Brocas_AE\data\standardized\20\20_common_Tr6_int.wav
20,ultrasonic,ch1,int,192000,C:\Users\beatr\OneDrive\Desktop\Projeto_Brocas_AE\data\standardized\20\20_ultrasonic_ch1_int.wav
20,ultrasonic,ch1,int,192000,C:\Users\beatr\OneDrive\Desktop\Projeto_Brocas_AE\data\standardized\20\20_ultrasonic_ch1_int.wav
20,ultrasonic,ch1,int,192000,C:\Users\beatr\OneDrive\Desktop\Projeto_Brocas_AE\data\standardized\20\20_ultrasonic_ch1_int.wav
20,ultrasonic,ch1,int,192000,C:\Users\beatr\OneDrive\Desktop\Projeto_Brocas_AE\data\standardized\20\20_ultrasonic_ch1_int.wav
20,ultrasonic,ch1,int,192000,C:\Users\beatr\OneDrive\Desktop\Projeto_Brocas_AE\data\standardized\20\20_ultrasonic_ch1_int.wav
20,ultrasonic,ch1,int,192000,C:\Users\beatr\OneDrive\Desktop\Projeto_Brocas_AE\data\standardized\20\20_ultrasonic_ch1_int.wav
20,common,Tr1,ext,96000,C:\Users\beatr\OneDrive\Desktop\Projeto_Brocas_AE\data\standardized\20\20_common_Tr1_ext.wav
20,common,Tr2,ext,96000,C:\Users\beatr\OneDrive\Desktop\Projeto_Brocas_AE\data\standardized\20\20_common_Tr2_ext.wav
20,common,Tr3,ext,96000,C:\Users\beatr\OneDrive\Desktop\Projeto_Brocas_AE\data\standardized\20\20_common_Tr3_ext.wav
20,common,Tr4,int,96000,C:\Users\beatr\OneDrive\Desktop\Projeto_Brocas_AE\data\standardized\20\20_common_Tr4_int.wav
20,common,Tr5,int,96000,C:\Users\beatr\OneDrive\Desktop\Projeto_Brocas_AE\data\standardized\20\20_common_Tr5_int.wav
20,common,Tr6,int,96000,C:\Users\beatr\OneDrive\Desktop\Projeto_Brocas_AE\data\standardized\20\20_common_Tr6_int.wav
20,ultrasonic,ch1,int,192000,C:\Users\beatr\OneDrive\Desktop\Projeto_Brocas_AE\data\standardized\20\20_ultrasonic_ch1_int.wav
20,ultrasonic,ch1,int,192000,C:\Users\beatr\OneDrive\Desktop\Projeto_Brocas_AE\data\standardized\20\20_ultrasonic_ch1_int.wav
20,ultrasonic,ch1,int,192000,C:\Users\beatr\OneDrive\Desktop\Projeto_Brocas_AE\data\standardized\20\20_ultrasonic_ch1_int.wav
20,ultrasonic,ch1,int,192000,C:\Users\beatr\OneDrive\Desktop\Projeto_Brocas_AE\data\standardized\20\20_ultrasonic_ch1_int.wav
20,ultrasonic,ch1,int,192000,C:\Users\beatr\OneDrive\Desktop\Projeto_Brocas_AE\data\standardized\20\20_ultrasonic_ch1_int.wav
20,ultrasonic,ch1,int,192000,C:\Users\beatr\OneDrive\Desktop\Projeto_Brocas_AE\data\standardized\20\20_ultrasonic_ch1_int.wav
20,common,Tr1,ext,96000,C:\Users\beatr\OneDrive\Desktop\Projeto_Brocas_AE\data\standardized\20\20_common_Tr1_ext.wav
20,common,Tr2,ext,96000,C:\Users\beatr\OneDrive\Desktop\Projeto_Brocas_AE\data\standardized\20\20_common_Tr2_ext.wav
20,common,Tr3,ext,96000,C:\Users\beatr\OneDrive\Desktop\Projeto_Brocas_AE\data\standardized\20\20_common_Tr3_ext.wav
20,common,Tr4,int,96000,C:\Users\beatr\OneDrive\Desktop\Projeto_Brocas_AE\data\standardized\20\20_common_Tr4_int.wav
20,common,Tr5,int,96000,C:\Users\beatr\OneDrive\Desktop\Projeto_Brocas_AE\data\standardized\20\20_common_Tr5_int.wav
20,common,Tr6,int,96000,C:\Users\beatr\OneDrive\Desktop\Projeto_Brocas_AE\data\standardized\20\20_common_Tr6_int.wav
20,ultrasonic,ch1,int,192000,C:\Users\beatr\OneDrive\Desktop\Projeto_Brocas_AE\data\standardized\20\20_ultrasonic_ch1_int.wav
20,ultrasonic,ch1,int,192000,C:\Users\beatr\OneDrive\Desktop\Projeto_Brocas_AE\data\standardized\20\20_ultrasonic_ch1_int.wav
20,ultrasonic,ch1,int,192000,C:\Users\beatr\OneDrive\Desktop\Projeto_Brocas_AE\data\standardized\20\20_ultrasonic_ch1_int.wav
20,ultrasonic,ch1,int,192000,C:\Users\beatr\OneDrive\Desktop\Projeto_Brocas_AE\data\standardized\20\20_ultrasonic_ch1_int.wav
20,ultrasonic,ch1,int,192000,C:\Users\beatr\OneDrive\Desktop\Projeto_Brocas_AE\data\standardized\20\20_ultrasonic_ch1_int.wav
20,ultrasonic,ch1,int,192000,C:\Users\beatr\OneDrive\Desktop\Projeto_Brocas_AE\data\standardized\20\20_ultrasonic_ch1_int.wav
20,common,Tr1,ext,96000,C:\Users\beatr\OneDrive\Desktop\Projeto_Brocas_AE\data\standardized\20\20_common_Tr1_ext.wav
20,common,Tr2,ext,96000,C:\Users\beatr\OneDrive\Desktop\Projeto_Brocas_AE\data\standardized\20\20_common_Tr2_ext.wav
20,common,Tr3,ext,96000,C:\Users\beatr\OneDrive\Desktop\Projeto_Brocas_AE\data\standardized\20\20_common_Tr3_ext.wav
20,common,Tr4,int,96000,C:\Users\beatr\OneDrive\Desktop\Projeto_Brocas_AE\data\standardized\20\20_common_Tr4_int.wav
20,common,Tr5,int,96000,C:\Users\beatr\OneDrive\Desktop\Projeto_Brocas_AE\data\standardized\20\20_common_Tr5_int.wav
20,common,Tr6,int,96000,C:\Users\beatr\OneDrive\Desktop\Projeto_Brocas_AE\data\standardized\20\20_common_Tr6_int.wav
20,ultrasonic,ch1,int,192000,C:\Users\beatr\OneDrive\Desktop\Projeto_Brocas_AE\data\standardized\20\20_ultrasonic_ch1_int.wav
20,ultrasonic,ch1,int,192000,C:\Users\beatr\OneDrive\Desktop\Projeto_Brocas_AE\data\standardized\20\20_ultrasonic_ch1_int.wav
20,ultrasonic,ch1,int,192000,C:\Users\beatr\OneDrive\Desktop\Projeto_Brocas_AE\data\standardized\20\20_ultrasonic_ch1_int.wav
20,ultrasonic,ch1,int,192000,C:\Users\beatr\OneDrive\Desktop\Projeto_Brocas_AE\data\standardized\20\20_ultrasonic_ch1_int.wav
20,ultrasonic,ch1,int,192000,C:\Users\beatr\OneDrive\Desktop\Projeto_Brocas_AE\data\standardized\20\20_ultrasonic_ch1_int.wav
20,ultrasonic,ch1,int,192000,C:\Users\beatr\OneDrive\Desktop\Projeto_Brocas_AE\data\standardized\20\20_ultrasonic_ch1_int.wav
21,common,Tr1,ext,96000,C:\Users\beatr\OneDrive\Desktop\Projeto_Brocas_AE\data\standardized\21\21_common_Tr1_ext.wav
21,common,Tr2,ext,96000,C:\Users\beatr\OneDrive\Desktop\Projeto_Brocas_AE\data\standardized\21\21_common_Tr2_ext.wav
21,common,Tr3,ext,96000,C:\Users\beatr\OneDrive\Desktop\Projeto_Brocas_AE\data\standardized\21\21_common_Tr3_ext.wav
21,common,Tr4,int,96000,C:\Users\beatr\OneDrive\Desktop\Projeto_Brocas_AE\data\standardized\21\21_common_Tr4_int.wav
21,common,Tr5,int,96000,C:\Users\beatr\OneDrive\Desktop\Projeto_Brocas_AE\data\standardized\21\21_common_Tr5_int.wav
21,common,Tr6,int,96000,C:\Users\beatr\OneDrive\Desktop\Projeto_Brocas_AE\data\standardized\21\21_common_Tr6_int.wav
21,ultrasonic,ch1,int,192000,C:\Users\beatr\OneDrive\Desktop\Projeto_Brocas_AE\data\standardized\21\21_ultrasonic_ch1_int.wav
21,ultrasonic,ch1,int,192000,C:\Users\beatr\OneDrive\Desktop\Projeto_Brocas_AE\data\standardized\21\21_ultrasonic_ch1_int.wav
21,ultrasonic,ch1,int,192000,C:\Users\beatr\OneDrive\Desktop\Projeto_Brocas_AE\data\standardized\21\21_ultrasonic_ch1_int.wav
21,ultrasonic,ch1,int,192000,C:\Users\beatr\OneDrive\Desktop\Projeto_Brocas_AE\data\standardized\21\21_ultrasonic_ch1_int.wav
21,ultrasonic,ch1,int,192000,C:\Users\beatr\OneDrive\Desktop\Projeto_Brocas_AE\data\standardized\21\21_ultrasonic_ch1_int.wav
21,ultrasonic,ch1,int,192000,C:\Users\beatr\OneDrive\Desktop\Projeto_Brocas_AE\data\standardized\21\21_ultrasonic_ch1_int.wav
21,common,Tr1,ext,96000,C:\Users\beatr\OneDrive\Desktop\Projeto_Brocas_AE\data\standardized\21\21_common_Tr1_ext.wav
21,common,Tr2,ext,96000,C:\Users\beatr\OneDrive\Desktop\Projeto_Brocas_AE\data\standardized\21\21_common_Tr2_ext.wav
21,common,Tr3,ext,96000,C:\Users\beatr\OneDrive\Desktop\Projeto_Brocas_AE\data\standardized\21\21_common_Tr3_ext.wav
21,common,Tr4,int,96000,C:\Users\beatr\OneDrive\Desktop\Projeto_Brocas_AE\data\standardized\21\21_common_Tr4_int.wav
21,common,Tr5,int,96000,C:\Users\beatr\OneDrive\Desktop\Projeto_Brocas_AE\data\standardized\21\21_common_Tr5_int.wav
21,common,Tr6,int,96000,C:\Users\beatr\OneDrive\Desktop\Projeto_Brocas_AE\data\standardized\21\21_common_Tr6_int.wav
21,ultrasonic,ch1,int,192000,C:\Users\beatr\OneDrive\Desktop\Projeto_Brocas_AE\data\standardized\21\21_ultrasonic_ch1_int.wav
21,ultrasonic,ch1,int,192000,C:\Users\beatr\OneDrive\Desktop\Projeto_Brocas_AE\data\standardized\21\21_ultrasonic_ch1_int.wav
21,ultrasonic,ch1,int,192000,C:\Users\beatr\OneDrive\Desktop\Projeto_Brocas_AE\data\standardized\21\21_ultrasonic_ch1_int.wav
21,ultrasonic,ch1,int,192000,C:\Users\beatr\OneDrive\Desktop\Projeto_Brocas_AE\data\standardized\21\21_ultrasonic_ch1_int.wav
21,ultrasonic,ch1,int,192000,C:\Users\beatr\OneDrive\Desktop\Projeto_Brocas_AE\data\standardized\21\21_ultrasonic_ch1_int.wav
21,ultrasonic,ch1,int,192000,C:\Users\beatr\OneDrive\Desktop\Projeto_Brocas_AE\data\standardized\21\21_ultrasonic_ch1_int.wav
21,common,Tr1,ext,96000,C:\Users\beatr\OneDrive\Desktop\Projeto_Brocas_AE\data\standardized\21\21_common_Tr1_ext.wav
21,common,Tr2,ext,96000,C:\Users\beatr\OneDrive\Desktop\Projeto_Brocas_AE\data\standardized\21\21_common_Tr2_ext.wav
21,common,Tr3,ext,96000,C:\Users\beatr\OneDrive\Desktop\Projeto_Brocas_AE\data\standardized\21\21_common_Tr3_ext.wav
21,common,Tr4,int,96000,C:\Users\beatr\OneDrive\Desktop\Projeto_Brocas_AE\data\standardized\21\21_common_Tr4_int.wav
21,common,Tr5,int,96000,C:\Users\beatr\OneDrive\Desktop\Projeto_Brocas_AE\data\standardized\21\21_common_Tr5_int.wav
21,common,Tr6,int,96000,C:\Users\beatr\OneDrive\Desktop\Projeto_Brocas_AE\data\standardized\21\21_common_Tr6_int.wav
21,ultrasonic,ch1,int,192000,C:\Users\beatr\OneDrive\Desktop\Projeto_Brocas_AE\data\standardized\21\21_ultrasonic_ch1_int.wav
21,ultrasonic,ch1,int,192000,C:\Users\beatr\OneDrive\Desktop\Projeto_Brocas_AE\data\standardized\21\21_ultrasonic_ch1_int.wav
21,ultrasonic,ch1,int,192000,C:\Users\beatr\OneDrive\Desktop\Projeto_Brocas_AE\data\standardized\21\21_ultrasonic_ch1_int.wav
21,ultrasonic,ch1,int,192000,C:\Users\beatr\OneDrive\Desktop\Projeto_Brocas_AE\data\standardized\21\21_ultrasonic_ch1_int.wav
21,ultrasonic,ch1,int,192000,C:\Users\beatr\OneDrive\Desktop\Projeto_Brocas_AE\data\standardized\21\21_ultrasonic_ch1_int.wav
21,ultrasonic,ch1,int,192000,C:\Users\beatr\OneDrive\Desktop\Projeto_Brocas_AE\data\standardized\21\21_ultrasonic_ch1_int.wav
21,common,Tr1,ext,96000,C:\Users\beatr\OneDrive\Desktop\Projeto_Brocas_AE\data\standardized\21\21_common_Tr1_ext.wav
21,common,Tr2,ext,96000,C:\Users\beatr\OneDrive\Desktop\Projeto_Brocas_AE\data\standardized\21\21_common_Tr2_ext.wav
21,common,Tr3,ext,96000,C:\Users\beatr\OneDrive\Desktop\Projeto_Brocas_AE\data\standardized\21\21_common_Tr3_ext.wav
21,common,Tr4,int,96000,C:\Users\beatr\OneDrive\Desktop\Projeto_Brocas_AE\data\standardized\21\21_common_Tr4_int.wav
21,common,Tr5,int,96000,C:\Users\beatr\OneDrive\Desktop\Projeto_Brocas_AE\data\standardized\21\21_common_Tr5_int.wav
21,common,Tr6,int,96000,C:\Users\beatr\OneDrive\Desktop\Projeto_Brocas_AE\data\standardized\21\21_common_Tr6_int.wav
21,ultrasonic,ch1,int,192000,C:\Users\beatr\OneDrive\Desktop\Projeto_Brocas_AE\data\standardized\21\21_ultrasonic_ch1_int.wav
21,ultrasonic,ch1,int,192000,C:\Users\beatr\OneDrive\Desktop\Projeto_Brocas_AE\data\standardized\21\21_ultrasonic_ch1_int.wav
21,ultrasonic,ch1,int,192000,C:\Users\beatr\OneDrive\Desktop\Projeto_Brocas_AE\data\standardized\21\21_ultrasonic_ch1_int.wav
21,ultrasonic,ch1,int,192000,C:\Users\beatr\OneDrive\Desktop\Projeto_Brocas_AE\data\standardized\21\21_ultrasonic_ch1_int.wav
21,ultrasonic,ch1,int,192000,C:\Users\beatr\OneDrive\Desktop\Projeto_Brocas_AE\data\standardized\21\21_ultrasonic_ch1_int.wav
21,ultrasonic,ch1,int,192000,C:\Users\beatr\OneDrive\Desktop\Projeto_Brocas_AE\data\standardized\21\21_ultrasonic_ch1_int.wav
21,common,Tr1,ext,96000,C:\Users\beatr\OneDrive\Desktop\Projeto_Brocas_AE\data\standardized\21\21_common_Tr1_ext.wav
21,common,Tr2,ext,96000,C:\Users\beatr\OneDrive\Desktop\Projeto_Brocas_AE\data\standardized\21\21_common_Tr2_ext.wav
21,common,Tr3,ext,96000,C:\Users\beatr\OneDrive\Desktop\Projeto_Brocas_AE\data\standardized\21\21_common_Tr3_ext.wav
21,common,Tr4,int,96000,C:\Users\beatr\OneDrive\Desktop\Projeto_Brocas_AE\data\standardized\21\21_common_Tr4_int.wav
21,common,Tr5,int,96000,C:\Users\beatr\OneDrive\Desktop\Projeto_Brocas_AE\data\standardized\21\21_common_Tr5_int.wav
21,common,Tr6,int,96000,C:\Users\beatr\OneDrive\Desktop\Projeto_Brocas_AE\data\standardized\21\21_common_Tr6_int.wav
21,ultrasonic,ch1,int,192000,C:\Users\beatr\OneDrive\Desktop\Projeto_Brocas_AE\data\standardized\21\21_ultrasonic_ch1_int.wav
21,ultrasonic,ch1,int,192000,C:\Users\beatr\OneDrive\Desktop\Projeto_Brocas_AE\data\standardized\21\21_ultrasonic_ch1_int.wav
21,ultrasonic,ch1,int,192000,C:\Users\beatr\OneDrive\Desktop\Projeto_Brocas_AE\data\standardized\21\21_ultrasonic_ch1_int.wav
21,ultrasonic,ch1,int,192000,C:\Users\beatr\OneDrive\Desktop\Projeto_Brocas_AE\data\standardized\21\21_ultrasonic_ch1_int.wav
21,ultrasonic,ch1,int,192000,C:\Users\beatr\OneDrive\Desktop\Projeto_Brocas_AE\data\standardized\21\21_ultrasonic_ch1_int.wav
21,ultrasonic,ch1,int,192000,C:\Users\beatr\OneDrive\Desktop\Projeto_Brocas_AE\data\standardized\21\21_ultrasonic_ch1_int.wav
22,common,Tr1,ext,96000,C:\Users\beatr\OneDrive\Desktop\Projeto_Brocas_AE\data\standardized\22\22_common_Tr1_ext.wav
22,common,Tr2,ext,96000,C:\Users\beatr\OneDrive\Desktop\Projeto_Brocas_AE\data\standardized\22\22_common_Tr2_ext.wav
22,common,Tr3,ext,96000,C:\Users\beatr\OneDrive\Desktop\Projeto_Brocas_AE\data\standardized\22\22_common_Tr3_ext.wav
22,common,Tr4,int,96000,C:\Users\beatr\OneDrive\Desktop\Projeto_Brocas_AE\data\standardized\22\22_common_Tr4_int.wav
22,common,Tr5,int,96000,C:\Users\beatr\OneDrive\Desktop\Projeto_Brocas_AE\data\standardized\22\22_common_Tr5_int.wav
22,common,Tr6,int,96000,C:\Users\beatr\OneDrive\Desktop\Projeto_Brocas_AE\data\standardized\22\22_common_Tr6_int.wav
22,ultrasonic,ch1,int,192000,C:\Users\beatr\OneDrive\Desktop\Projeto_Brocas_AE\data\standardized\22\22_ultrasonic_ch1_int.wav
22,ultrasonic,ch1,int,192000,C:\Users\beatr\OneDrive\Desktop\Projeto_Brocas_AE\data\standardized\22\22_ultrasonic_ch1_int.wav
22,ultrasonic,ch1,int,192000,C:\Users\beatr\OneDrive\Desktop\Projeto_Brocas_AE\data\standardized\22\22_ultrasonic_ch1_int.wav
22,ultrasonic,ch1,int,192000,C:\Users\beatr\OneDrive\Desktop\Projeto_Brocas_AE\data\standardized\22\22_ultrasonic_ch1_int.wav
22,ultrasonic,ch1,int,192000,C:\Users\beatr\OneDrive\Desktop\Projeto_Brocas_AE\data\standardized\22\22_ultrasonic_ch1_int.wav
22,ultrasonic,ch1,int,192000,C:\Users\beatr\OneDrive\Desktop\Projeto_Brocas_AE\data\standardized\22\22_ultrasonic_ch1_int.wav
22,common,Tr1,ext,96000,C:\Users\beatr\OneDrive\Desktop\Projeto_Brocas_AE\data\standardized\22\22_common_Tr1_ext.wav
22,common,Tr2,ext,96000,C:\Users\beatr\OneDrive\Desktop\Projeto_Brocas_AE\data\standardized\22\22_common_Tr2_ext.wav
22,common,Tr3,ext,96000,C:\Users\beatr\OneDrive\Desktop\Projeto_Brocas_AE\data\standardized\22\22_common_Tr3_ext.wav
22,common,Tr4,int,96000,C:\Users\beatr\OneDrive\Desktop\Projeto_Brocas_AE\data\standardized\22\22_common_Tr4_int.wav
22,common,Tr5,int,96000,C:\Users\beatr\OneDrive\Desktop\Projeto_Brocas_AE\data\standardized\22\22_common_Tr5_int.wav
22,common,Tr6,int,96000,C:\Users\beatr\OneDrive\Desktop\Projeto_Brocas_AE\data\standardized\22\22_common_Tr6_int.wav
22,ultrasonic,ch1,int,192000,C:\Users\beatr\OneDrive\Desktop\Projeto_Brocas_AE\data\standardized\22\22_ultrasonic_ch1_int.wav
22,ultrasonic,ch1,int,192000,C:\Users\beatr\OneDrive\Desktop\Projeto_Brocas_AE\data\standardized\22\22_ultrasonic_ch1_int.wav
22,ultrasonic,ch1,int,192000,C:\Users\beatr\OneDrive\Desktop\Projeto_Brocas_AE\data\standardized\22\22_ultrasonic_ch1_int.wav
22,ultrasonic,ch1,int,192000,C:\Users\beatr\OneDrive\Desktop\Projeto_Brocas_AE\data\standardized\22\22_ultrasonic_ch1_int.wav
22,ultrasonic,ch1,int,192000,C:\Users\beatr\OneDrive\Desktop\Projeto_Brocas_AE\data\standardized\22\22_ultrasonic_ch1_int.wav
22,ultrasonic,ch1,int,192000,C:\Users\beatr\OneDrive\Desktop\Projeto_Brocas_AE\data\standardized\22\22_ultrasonic_ch1_int.wav
22,common,Tr1,ext,96000,C:\Users\beatr\OneDrive\Desktop\Projeto_Brocas_AE\data\standardized\22\22_common_Tr1_ext.wav
22,common,Tr2,ext,96000,C:\Users\beatr\OneDrive\Desktop\Projeto_Brocas_AE\data\standardized\22\22_common_Tr2_ext.wav
22,common,Tr3,ext,96000,C:\Users\beatr\OneDrive\Desktop\Projeto_Brocas_AE\data\standardized\22\22_common_Tr3_ext.wav
22,common,Tr4,int,96000,C:\Users\beatr\OneDrive\Desktop\Projeto_Brocas_AE\data\standardized\22\22_common_Tr4_int.wav
22,common,Tr5,int,96000,C:\Users\beatr\OneDrive\Desktop\Projeto_Brocas_AE\data\standardized\22\22_common_Tr5_int.wav
22,common,Tr6,int,96000,C:\Users\beatr\OneDrive\Desktop\Projeto_Brocas_AE\data\standardized\22\22_common_Tr6_int.wav
22,ultrasonic,ch1,int,192000,C:\Users\beatr\OneDrive\Desktop\Projeto_Brocas_AE\data\standardized\22\22_ultrasonic_ch1_int.wav
22,ultrasonic,ch1,int,192000,C:\Users\beatr\OneDrive\Desktop\Projeto_Brocas_AE\data\standardized\22\22_ultrasonic_ch1_int.wav
22,ultrasonic,ch1,int,192000,C:\Users\beatr\OneDrive\Desktop\Projeto_Brocas_AE\data\standardized\22\22_ultrasonic_ch1_int.wav
22,ultrasonic,ch1,int,192000,C:\Users\beatr\OneDrive\Desktop\Projeto_Brocas_AE\data\standardized\22\22_ultrasonic_ch1_int.wav
22,ultrasonic,ch1,int,192000,C:\Users\beatr\OneDrive\Desktop\Projeto_Brocas_AE\data\standardized\22\22_ultrasonic_ch1_int.wav
22,ultrasonic,ch1,int,192000,C:\Users\beatr\OneDrive\Desktop\Projeto_Brocas_AE\data\standardized\22\22_ultrasonic_ch1_int.wav
22,common,Tr1,ext,96000,C:\Users\beatr\OneDrive\Desktop\Projeto_Brocas_AE\data\standardized\22\22_common_Tr1_ext.wav
22,common,Tr2,ext,96000,C:\Users\beatr\OneDrive\Desktop\Projeto_Brocas_AE\data\standardized\22\22_common_Tr2_ext.wav
22,common,Tr3,ext,96000,C:\Users\beatr\OneDrive\Desktop\Projeto_Brocas_AE\data\standardized\22\22_common_Tr3_ext.wav
22,common,Tr4,int,96000,C:\Users\beatr\OneDrive\Desktop\Projeto_Brocas_AE\data\standardized\22\22_common_Tr4_int.wav
22,common,Tr5,int,96000,C:\Users\beatr\OneDrive\Desktop\Projeto_Brocas_AE\data\standardized\22\22_common_Tr5_int.wav
22,common,Tr6,int,96000,C:\Users\beatr\OneDrive\Desktop\Projeto_Brocas_AE\data\standardized\22\22_common_Tr6_int.wav
22,ultrasonic,ch1,int,192000,C:\Users\beatr\OneDrive\Desktop\Projeto_Brocas_AE\data\standardized\22\22_ultrasonic_ch1_int.wav
22,ultrasonic,ch1,int,192000,C:\Users\beatr\OneDrive\Desktop\Projeto_Brocas_AE\data\standardized\22\22_ultrasonic_ch1_int.wav
22,ultrasonic,ch1,int,192000,C:\Users\beatr\OneDrive\Desktop\Projeto_Brocas_AE\data\standardized\22\22_ultrasonic_ch1_int.wav
22,ultrasonic,ch1,int,192000,C:\Users\beatr\OneDrive\Desktop\Projeto_Brocas_AE\data\standardized\22\22_ultrasonic_ch1_int.wav
22,ultrasonic,ch1,int,192000,C:\Users\beatr\OneDrive\Desktop\Projeto_Brocas_AE\data\standardized\22\22_ultrasonic_ch1_int.wav
22,ultrasonic,ch1,int,192000,C:\Users\beatr\OneDrive\Desktop\Projeto_Brocas_AE\data\standardized\22\22_ultrasonic_ch1_int.wav
23,common,Tr1,ext,96000,C:\Users\beatr\OneDrive\Desktop\Projeto_Brocas_AE\data\standardized\23\23_common_Tr1_ext.wav
23,common,Tr2,ext,96000,C:\Users\beatr\OneDrive\Desktop\Projeto_Brocas_AE\data\standardized\23\23_common_Tr2_ext.wav
23,common,Tr3,ext,96000,C:\Users\beatr\OneDrive\Desktop\Projeto_Brocas_AE\data\standardized\23\23_common_Tr3_ext.wav
23,common,Tr4,int,96000,C:\Users\beatr\OneDrive\Desktop\Projeto_Brocas_AE\data\standardized\23\23_common_Tr4_int.wav
23,common,Tr5,int,96000,C:\Users\beatr\OneDrive\Desktop\Projeto_Brocas_AE\data\standardized\23\23_common_Tr5_int.wav
23,common,Tr6,int,96000,C:\Users\beatr\OneDrive\Desktop\Projeto_Brocas_AE\data\standardized\23\23_common_Tr6_int.wav
23,ultrasonic,ch1,int,192000,C:\Users\beatr\OneDrive\Desktop\Projeto_Brocas_AE\data\standardized\23\23_ultrasonic_ch1_int.wav
23,ultrasonic,ch1,int,192000,C:\Users\beatr\OneDrive\Desktop\Projeto_Brocas_AE\data\standardized\23\23_ultrasonic_ch1_int.wav
23,ultrasonic,ch1,int,192000,C:\Users\beatr\OneDrive\Desktop\Projeto_Brocas_AE\data\standardized\23\23_ultrasonic_ch1_int.wav
23,ultrasonic,ch1,int,192000,C:\Users\beatr\OneDrive\Desktop\Projeto_Brocas_AE\data\standardized\23\23_ultrasonic_ch1_int.wav
23,ultrasonic,ch1,int,192000,C:\Users\beatr\OneDrive\Desktop\Projeto_Brocas_AE\data\standardized\23\23_ultrasonic_ch1_int.wav
23,ultrasonic,ch1,int,192000,C:\Users\beatr\OneDrive\Desktop\Projeto_Brocas_AE\data\standardized\23\23_ultrasonic_ch1_int.wav
23,common,Tr1,ext,96000,C:\Users\beatr\OneDrive\Desktop\Projeto_Brocas_AE\data\standardized\23\23_common_Tr1_ext.wav
23,common,Tr2,ext,96000,C:\Users\beatr\OneDrive\Desktop\Projeto_Brocas_AE\data\standardized\23\23_common_Tr2_ext.wav
23,common,Tr3,ext,96000,C:\Users\beatr\OneDrive\Desktop\Projeto_Brocas_AE\data\standardized\23\23_common_Tr3_ext.wav
23,common,Tr4,int,96000,C:\Users\beatr\OneDrive\Desktop\Projeto_Brocas_AE\data\standardized\23\23_common_Tr4_int.wav
23,common,Tr5,int,96000,C:\Users\beatr\OneDrive\Desktop\Projeto_Brocas_AE\data\standardized\23\23_common_Tr5_int.wav
23,common,Tr6,int,96000,C:\Users\beatr\OneDrive\Desktop\Projeto_Brocas_AE\data\standardized\23\23_common_Tr6_int.wav
23,ultrasonic,ch1,int,192000,C:\Users\beatr\OneDrive\Desktop\Projeto_Brocas_AE\data\standardized\23\23_ultrasonic_ch1_int.wav
23,ultrasonic,ch1,int,192000,C:\Users\beatr\OneDrive\Desktop\Projeto_Brocas_AE\data\standardized\23\23_ultrasonic_ch1_int.wav
23,ultrasonic,ch1,int,192000,C:\Users\beatr\OneDrive\Desktop\Projeto_Brocas_AE\data\standardized\23\23_ultrasonic_ch1_int.wav
23,ultrasonic,ch1,int,192000,C:\Users\beatr\OneDrive\Desktop\Projeto_Brocas_AE\data\standardized\23\23_ultrasonic_ch1_int.wav
23,ultrasonic,ch1,int,192000,C:\Users\beatr\OneDrive\Desktop\Projeto_Brocas_AE\data\standardized\23\23_ultrasonic_ch1_int.wav
23,ultrasonic,ch1,int,192000,C:\Users\beatr\OneDrive\Desktop\Projeto_Brocas_AE\data\standardized\23\23_ultrasonic_ch1_int.wav
23,common,Tr1,ext,96000,C:\Users\beatr\OneDrive\Desktop\Projeto_Brocas_AE\data\standardized\23\23_common_Tr1_ext.wav
23,common,Tr2,ext,96000,C:\Users\beatr\OneDrive\Desktop\Projeto_Brocas_AE\data\standardized\23\23_common_Tr2_ext.wav
23,common,Tr3,ext,96000,C:\Users\beatr\OneDrive\Desktop\Projeto_Brocas_AE\data\standardized\23\23_common_Tr3_ext.wav
23,common,Tr4,int,96000,C:\Users\beatr\OneDrive\Desktop\Projeto_Brocas_AE\data\standardized\23\23_common_Tr4_int.wav
23,common,Tr5,int,96000,C:\Users\beatr\OneDrive\Desktop\Projeto_Brocas_AE\data\standardized\23\23_common_Tr5_int.wav
23,common,Tr6,int,96000,C:\Users\beatr\OneDrive\Desktop\Projeto_Brocas_AE\data\standardized\23\23_common_Tr6_int.wav
23,ultrasonic,ch1,int,192000,C:\Users\beatr\OneDrive\Desktop\Projeto_Brocas_AE\data\standardized\23\23_ultrasonic_ch1_int.wav
23,ultrasonic,ch1,int,192000,C:\Users\beatr\OneDrive\Desktop\Projeto_Brocas_AE\data\standardized\23\23_ultrasonic_ch1_int.wav
23,ultrasonic,ch1,int,192000,C:\Users\beatr\OneDrive\Desktop\Projeto_Brocas_AE\data\standardized\23\23_ultrasonic_ch1_int.wav
23,ultrasonic,ch1,int,192000,C:\Users\beatr\OneDrive\Desktop\Projeto_Brocas_AE\data\standardized\23\23_ultrasonic_ch1_int.wav
23,ultrasonic,ch1,int,192000,C:\Users\beatr\OneDrive\Desktop\Projeto_Brocas_AE\data\standardized\23\23_ultrasonic_ch1_int.wav
23,ultrasonic,ch1,int,192000,C:\Users\beatr\OneDrive\Desktop\Projeto_Brocas_AE\data\standardized\23\23_ultrasonic_ch1_int.wav
23,common,Tr1,ext,96000,C:\Users\beatr\OneDrive\Desktop\Projeto_Brocas_AE\data\standardized\23\23_common_Tr1_ext.wav
23,common,Tr2,ext,96000,C:\Users\beatr\OneDrive\Desktop\Projeto_Brocas_AE\data\standardized\23\23_common_Tr2_ext.wav
23,common,Tr3,ext,96000,C:\Users\beatr\OneDrive\Desktop\Projeto_Brocas_AE\data\standardized\23\23_common_Tr3_ext.wav
23,common,Tr4,int,96000,C:\Users\beatr\OneDrive\Desktop\Projeto_Brocas_AE\data\standardized\23\23_common_Tr4_int.wav
23,common,Tr5,int,96000,C:\Users\beatr\OneDrive\Desktop\Projeto_Brocas_AE\data\standardized\23\23_common_Tr5_int.wav
23,common,Tr6,int,96000,C:\Users\beatr\OneDrive\Desktop\Projeto_Brocas_AE\data\standardized\23\23_common_Tr6_int.wav
23,ultrasonic,ch1,int,192000,C:\Users\beatr\OneDrive\Desktop\Projeto_Brocas_AE\data\standardized\23\23_ultrasonic_ch1_int.wav
23,ultrasonic,ch1,int,192000,C:\Users\beatr\OneDrive\Desktop\Projeto_Brocas_AE\data\standardized\23\23_ultrasonic_ch1_int.wav
23,ultrasonic,ch1,int,192000,C:\Users\beatr\OneDrive\Desktop\Projeto_Brocas_AE\data\standardized\23\23_ultrasonic_ch1_int.wav
23,ultrasonic,ch1,int,192000,C:\Users\beatr\OneDrive\Desktop\Projeto_Brocas_AE\data\standardized\23\23_ultrasonic_ch1_int.wav
23,ultrasonic,ch1,int,192000,C:\Users\beatr\OneDrive\Desktop\Projeto_Brocas_AE\data\standardized\23\23_ultrasonic_ch1_int.wav
23,ultrasonic,ch1,int,192000,C:\Users\beatr\OneDrive\Desktop\Projeto_Brocas_AE\data\standardized\23\23_ultrasonic_ch1_int.wav
23,common,Tr1,ext,96000,C:\Users\beatr\OneDrive\Desktop\Projeto_Brocas_AE\data\standardized\23\23_common_Tr1_ext.wav
23,common,Tr2,ext,96000,C:\Users\beatr\OneDrive\Desktop\Projeto_Brocas_AE\data\standardized\23\23_common_Tr2_ext.wav
23,common,Tr3,ext,96000,C:\Users\beatr\OneDrive\Desktop\Projeto_Brocas_AE\data\standardized\23\23_common_Tr3_ext.wav
23,common,Tr4,int,96000,C:\Users\beatr\OneDrive\Desktop\Projeto_Brocas_AE\data\standardized\23\23_common_Tr4_int.wav
23,common,Tr5,int,96000,C:\Users\beatr\OneDrive\Desktop\Projeto_Brocas_AE\data\standardized\23\23_common_Tr5_int.wav
23,common,Tr6,int,96000,C:\Users\beatr\OneDrive\Desktop\Projeto_Brocas_AE\data\standardized\23\23_common_Tr6_int.wav
23,ultrasonic,ch1,int,192000,C:\Users\beatr\OneDrive\Desktop\Projeto_Brocas_AE\data\standardized\23\23_ultrasonic_ch1_int.wav
23,ultrasonic,ch1,int,192000,C:\Users\beatr\OneDrive\Desktop\Projeto_Brocas_AE\data\standardized\23\23_ultrasonic_ch1_int.wav
23,ultrasonic,ch1,int,192000,C:\Users\beatr\OneDrive\Desktop\Projeto_Brocas_AE\data\standardized\23\23_ultrasonic_ch1_int.wav
23,ultrasonic,ch1,int,192000,C:\Users\beatr\OneDrive\Desktop\Projeto_Brocas_AE\data\standardized\23\23_ultrasonic_ch1_int.wav
23,ultrasonic,ch1,int,192000,C:\Users\beatr\OneDrive\Desktop\Projeto_Brocas_AE\data\standardized\23\23_ultrasonic_ch1_int.wav
23,ultrasonic,ch1,int,192000,C:\Users\beatr\OneDrive\Desktop\Projeto_Brocas_AE\data\standardized\23\23_ultrasonic_ch1_int.wav
23,common,Tr1,ext,96000,C:\Users\beatr\OneDrive\Desktop\Projeto_Brocas_AE\data\standardized\23\23_common_Tr1_ext.wav
23,common,Tr2,ext,96000,C:\Users\beatr\OneDrive\Desktop\Projeto_Brocas_AE\data\standardized\23\23_common_Tr2_ext.wav
23,common,Tr3,ext,96000,C:\Users\beatr\OneDrive\Desktop\Projeto_Brocas_AE\data\standardized\23\23_common_Tr3_ext.wav
23,common,Tr4,int,96000,C:\Users\beatr\OneDrive\Desktop\Projeto_Brocas_AE\data\standardized\23\23_common_Tr4_int.wav
23,common,Tr5,int,96000,C:\Users\beatr\OneDrive\Desktop\Projeto_Brocas_AE\data\standardized\23\23_common_Tr5_int.wav
23,common,Tr6,int,96000,C:\Users\beatr\OneDrive\Desktop\Projeto_Brocas_AE\data\standardized\23\23_common_Tr6_int.wav
23,ultrasonic,ch1,int,192000,C:\Users\beatr\OneDrive\Desktop\Projeto_Brocas_AE\data\standardized\23\23_ultrasonic_ch1_int.wav
23,ultrasonic,ch1,int,192000,C:\Users\beatr\OneDrive\Desktop\Projeto_Brocas_AE\data\standardized\23\23_ultrasonic_ch1_int.wav
23,ultrasonic,ch1,int,192000,C:\Users\beatr\OneDrive\Desktop\Projeto_Brocas_AE\data\standardized\23\23_ultrasonic_ch1_int.wav
23,ultrasonic,ch1,int,192000,C:\Users\beatr\OneDrive\Desktop\Projeto_Brocas_AE\data\standardized\23\23_ultrasonic_ch1_int.wav
23,ultrasonic,ch1,int,192000,C:\Users\beatr\OneDrive\Desktop\Projeto_Brocas_AE\data\standardized\23\23_ultrasonic_ch1_int.wav
23,ultrasonic,ch1,int,192000,C:\Users\beatr\OneDrive\Desktop\Projeto_Brocas_AE\data\standardized\23\23_ultrasonic_ch1_int.wav
